end;AE33_BB;AE33_BC1;AE33_BC2;AE33_BC3;AE33_BC4;AE33_BC5;AE33_BC6;AE33_BC7;ComPAS_V4_BKG_Meas_Active;ComPAS_V4_Frequency_1_Hz;ComPAS_V4_Amplitude_1_uPa;ComPAS_V4_Phase_1_deg;ComPAS_V4_Integration_Time_1_us;ComPAS_V4_X1;ComPAS_V4_Y1;ComPAS_V4_Frequency_2_Hz;ComPAS_V4_Amplitude_2_uPa;ComPAS_V4_Phase_2_deg;ComPAS_V4_Integration_Time_2_us;ComPAS_V4_X2;ComPAS_V4_Y2;ComPAS_V4_Blue_60s_Mov_Avg_Mm_1;ComPAS_V4_Blue_P_Mov_Avg_deg;ComPAS_V4_Green_60s_Mov_Avg_Mm_1;ComPAS_V4_Green_P_Mov_Avg_deg;ComPAS_V4_Red_60s_Mov_Avg_Mm_1;ComPAS_V4_Red_P_Mov_Avg_deg;ComPAS_V4_T_Mean_C;ComPAS_V4_R_H_Mean_percent;ComPAS_V4_Pressure_Mean_bar;ComPAS_V4_PD1_Mean_V;ComPAS_V4_Laser_Red_On_per_Off;ComPAS_V4_Laser_Green_On_per_Off;ComPAS_V4_Laser_Blue_On_per_Off;ComPAS_V4_R1_uPa;ComPAS_V4_Theta1_deg;ComPAS_V4_R2_uPa;ComPAS_V4_Theta2_deg;SMPS3080_Export_Mass_Equivalent_diameter_nm;SMPS3080_Export_Median_nm;SMPS3080_Export_Mean_nm;SMPS3080_Export_Geo_Mean_nm;SMPS3080_Export_Mode_nm;SMPS3080_Export_Geo_Std_Dev;SMPS3080_Export_Total_Conc_1_per_cm3
2021-12-14 10:10:00;0;0;0;0;0;0;0;0;0.0;22080.999952;7.466336739;14.018660793;1000000.0;18.539232053;11.358931553;22080.999952;6.359786121;46.297061546;1000000.0;-8.614357262;-8.320534224;0.0;0.0;0.0;0.0;0.0;0.0;18.766773511;17.580580968;0.0;0.0;0.0;0.0;0.0;0.10124556422110334;31.49567594140752;0.05577029122109255;-135.99399107868464;0;0;0;0;0;0;0
2021-12-14 10:20:00;0;0;0;0;0;0;0;0;1.0;25607.480249731;13.863293261;-26.167622243;999989.264309764;1649.86026936;-991.493265993;19036.565602384;1987.246143547;38.048470056;999982.107744108;-365407.607744108;-217082.978114478;10.453210237637098;-18.182600615;9.43653139756404;-21.591250745;0.0;0.0;19.09531257;18.944239618;0.0;0.0;0.0;0.306397306;0.303030303;8.963342110360214;-31.00401097423539;1979.1850407591385;-149.28611162592028;250.74441355;97.78435;111.9045;99.31265;88.2254;1.609115;7837.015
2021-12-14 10:30:00;63.636363636;71103.272727273;93150.090909091;108238.181818182;118171.363636364;101313.0;53238.545454545;43679.909090909;0.0;27868.09296108;263.913133214;15.993225608;999981.878130217;54466.383973289;15989.83639399;17085.935779883;3477.16081796;29.688185058;999971.759599332;-648763.185308848;-369830.514190317;523.7391100482071;14.566539295;451.14396662315767;14.290465214;0.0;0.0;19.460773511;9.097271007;0.0;0.001410797;0.0;0.502504174;0.497495826;264.33249135157047;16.360792063567402;3477.4276715037536;-150.31449360752964;289.4296772;72.39085;87.29825;73.2505;72.4448;1.780145;109682.05
2021-12-14 10:40:00;99.972727273;132692.727272727;173725.727272727;201154.818181818;221597.454545455;192046.818181818;104027.181818182;85712.727272727;1.0;27879.828164599;283.683435907;-3.755751052;999981.525167785;58206.593959732;15620.833892617;17093.143741163;3519.688130735;29.593944395;999972.823825503;-657207.760067114;-373233.775167785;734.8875392161937;-1.689322547;611.7573528421035;3.221042016;0.0;0.0;19.903466443;5.138263982;0.0;0.402965282;0.0;0.503355705;0.496644295;280.63648517916664;15.022429007159502;3519.442905132687;-150.407395340835;285.5609228;71.566133333;86.345066667;72.494;70.2128;1.77851;151829.333333333
2021-12-14 10:50:00;100.0;139232.0;183203.090909091;211827.0;234775.090909091;202920.727272727;107018.090909091;87974.636363636;1.0;27894.588965603;324.579567298;-2.279099807;999982.484033614;67497.490756303;16246.263865546;17102.194716435;3475.303080546;29.568416079;999970.218487395;-649096.055462185;-368258.139495798;598.7354353811658;-21.002330644;539.1544649576232;-23.82748873;0.0;0.0;20.329289636;3.749743417;0.0;0.402310494;0.0;0.505882353;0.494117647;323.28607723642995;13.533343316206972;3475.15548752026;-150.43202522951336;281.45574485;71.216;85.8315;72.1196;67.32795;1.7767;157291.0
2021-12-14 11:00:00;63.636363636;122641.818181818;160406.636363636;186203.363636364;204879.909090909;176333.363636364;91943.909090909;75375.818181818;0.0;27909.336468092;595.752552392;14.391200561;999982.161073826;123990.369127517;31871.33557047;17111.236364706;3402.337133862;29.563470393;999967.761744966;-635489.434563758;-360467.684563758;1253.0010312026607;15.747551789;1079.643791821574;15.24043195;0.0;0.0;20.678541946;3.501508949;0.0;0.399840397;0.0;0.503355705;0.496644295;596.1445499195753;14.41561413285487;3402.144989226132;-150.43685957585072;284.4878024;70.746;85.5778;71.595733333;68.568533333;1.789773333;237269.666666667
2021-12-14 11:10:00;97.481818182;231876.909090909;302411.363636364;350146.090909091;385863.181818182;335175.363636364;182996.090909091;150875.545454545;0.0;27923.184915546;714.745523367;14.778843633;999980.825795645;148407.391959799;39174.177554439;17119.724084437;3326.338048827;29.557191543;999969.0;-621338.179229481;-352356.574539364;1583.5086147262996;15.851070083;1350.9175188678398;15.495533398;0.0;0.0;20.979809045;3.50294919;0.0;0.398243932;0.0;0.502512563;0.497487437;714.7463931568034;14.78673805941386;3326.1918421102323;-150.44272834317337;287.94742885;71.20655;86.3739;72.14555;67.32795;1.79438;271950.0
2021-12-14 11:20:00;59.727272727;153413.727272727;200727.181818182;232034.0;256503.090909091;223780.636363636;123139.454545455;101645.272727273;1.0;27939.698214522;585.690635676;13.494950005;1000132.697986577;115724.119127517;29947.954697987;17107.376558936;2681.486424629;14.661823646;999717.567114094;-469227.295302013;-248473.785234899;1647.0354095613245;16.579887863;1401.5953453871234;16.174815957;0.0;0.0;21.228708054;3.412934004;0.0;0.442253985;0.0;0.612416107;0.365771812;556.6347548859839;14.509124394348731;2472.453048243859;-152.09707019808457;290.9861265;71.331033333;86.7298;72.3658;70.3355;1.796036667;275075.333333333
2021-12-14 11:30:00;92.5;244002.090909091;317838.727272727;367898.0;405687.909090909;354172.272727273;197521.727272727;163340.636363636;1.0;27951.107887834;348.242577656;-28.318792859;999999.587248322;73876.38590604;2109.375838926;17137.813759567;3086.245630151;30.043566468;999934.327181208;-581703.258389262;-306000.86409396;836.7124058807186;45.746530593;683.4370752206823;50.537012489;0.0;0.0;21.46576566;3.617353468;0.0;0.389069237;0.0;0.503355705;0.458053691;344.15393154070875;1.6355091529975785;3060.6921728458333;-152.25370493805872;291.25151475;71.3438;86.673;72.28005;68.539;1.79866;278430.0
2021-12-14 11:40:00;59.663636364;150047.090909091;195609.636363636;225985.727272727;250270.272727273;218712.0;120632.818181818;99682.454545455;0.0;27953.475477654;724.609550744;3.619028874;999979.515050167;155178.523411371;9835.324414716;17139.894921647;3146.789870555;27.5523181;999970.096989967;-599122.727424749;-312565.038461538;1695.073968126853;4.637283123;1374.0361822853426;5.007427592;0.0;0.0;21.653267001;3.187755853;0.0;0.393871187;0.0;0.5;0.5;724.0562509934584;3.626596014273715;3146.7298653522303;-152.44874690794893;290.0577471;71.602966667;86.9955;72.5854;67.7897;1.796826667;250440.666666667
2021-12-14 11:50:00;91.372727273;126925.545454545;164364.454545455;190629.727272727;209387.545454545;182855.090909091;102198.545454545;84630.727272727;0.0;27961.536115079;390.980155021;3.811097088;999977.685618729;83684.620401338;5565.839464883;17144.833580329;3121.056937239;27.574360477;999970.951505017;-594101.142140468;-310234.172240803;947.6293790846067;5.591819136;746.5429543951626;6.859047057;0.0;0.0;21.818051282;2.482338907;0.0;0.393522492;0.0;0.498327759;0.501672241;390.54782751618745;3.8051213265123063;3120.977869886922;-152.4268490074778;287.69717785;71.55535;86.81435;72.4966;71.0497;1.795165;125368.0
2021-12-14 12:00:00;88.118181818;89364.090909091;115781.363636364;134681.636363636;149050.454545455;130641.272727273;73585.727272727;61021.363636364;0.0;27968.895942182;288.768274796;4.13907539;999979.380634391;61834.731218698;4467.853088481;17149.345127321;3095.565530514;27.567911219;999969.621035058;-589282.489148581;-307650.931552588;659.221673896001;6.483507644;506.7976064108129;8.679338688;0.0;0.0;21.943417362;2.152489705;0.0;0.393322354;0.0;0.499165275;0.500834725;288.6910592193644;4.132710302192179;3095.5197816412237;-152.43196667105326;293.7109623;69.2998;84.473166667;70.2958;65.394133333;1.801483333;102652.333333333
2021-12-14 12:10:00;90.363636364;88352.0;115798.909090909;133876.0;148899.454545455;130642.181818182;72833.545454545;60254.545454545;0.0;27975.423001214;285.973314706;5.161241069;999982.220367279;61159.752921536;5521.335559265;17153.344303207;3068.318399205;27.561387462;999968.460767946;-584126.397328881;-304865.986644407;640.4407772062976;7.515586031;491.5981471291478;9.841836628;0.0;0.0;22.048786311;2.047642738;0.0;0.39222094;0.0;0.497495826;0.502504174;285.9554846589832;5.158522951674744;3068.234122525686;-152.43914065780854;293.03968445;68.86015;84.0612;70.0031;66.1597;1.79833;101938.5
2021-12-14 12:20:00;59.381818182;57941.727272727;76084.909090909;88005.0;97699.181818182;85427.181818182;46870.363636364;38732.454545455;0.0;27980.866293075;290.043587561;6.302687067;999982.958263773;61904.921535893;6841.752921536;17156.680484568;3044.427373903;27.588875373;999971.07345576;-579441.015025042;-302783.422370618;649.9215703081801;8.680191647;499.0842414007094;10.958852194;0.0;0.0;22.130081247;1.994951586;0.0;0.391968632;0.0;0.497495826;0.502504174;290.02246648710195;6.306753629514711;3044.405358365254;-152.41095225993286;294.174998633;69.3443;84.332666667;70.2501;67.7897;1.7995;104768.0
2021-12-14 12:30:00;96.509090909;98630.818181818;128098.090909091;148852.727272727;163032.181818182;141860.727272727;77667.272727273;64148.636363636;1.0;27985.737603155;154.997035843;-26.994746036;999981.592654424;32204.879799666;2934.777963272;17159.662925417;3014.959315115;27.650047122;999972.01836394;-573470.268781302;-300439.697829716;326.34538730647404;-43.464754562;270.39695806950004;-39.84175707;0.0;0.0;22.195438509;2.260872565;0.0;0.390979103;0.0;0.495826377;0.504173623;150.5870562263866;5.20688902437472;3014.710598848179;-152.3500648598715;292.34095655;69.39005;84.51495;70.4176;65.03275;1.797635;106050.0
2021-12-14 12:40:00;92.690909091;92547.545454545;120558.181818182;139650.181818182;153855.545454545;134147.636363636;74876.181818182;61966.818181818;0.0;27988.776575268;292.435482083;7.84035848;999982.851666667;62204.921666667;8574.055;17161.526434997;3009.367926813;27.624685078;999968.24;-572590.605;-299647.411666667;626.1432481476793;10.563830207;547.7980653002809;9.91798203;0.0;0.0;22.220705;1.930341111;0.0;0.392633352;0.0;0.5;0.5;292.4029090405112;7.847949404009686;3009.3703307235346;-152.37609326433142;286.1335679;69.7659;84.499;70.6039;66.3198;1.793376667;107718.333333333
2021-12-14 12:50:00;93.018181818;94171.727272727;123527.818181818;142570.545454545;157814.909090909;137662.909090909;76630.818181818;63384.0;0.0;27991.368826173;298.21038834;8.541097983;999981.328333333;63320.491666667;9508.285;17163.114718948;2998.601586638;27.683261443;999973.581666667;-570226.726666667;-299161.81;642.4349901774929;11.306183928;560.1265304365271;10.632411953;0.0;0.0;22.234372778;1.906307778;0.0;0.391082682;0.0;0.496666667;0.503333333;298.16478579516445;8.539801764882748;2998.5705606732586;-152.3168521397681;284.50440705;70.4478;85.41795;71.31225;65.03275;1.79266;109524.5
2021-12-14 13:00:00;82.290909091;86200.363636364;112948.090909091;130364.636363636;144688.363636364;126831.909090909;70952.090909091;58740.818181818;0.0;27993.258958261;303.864698255;9.080658545;999981.401666667;64438.275;10310.778333333;17164.272551003;2990.301013322;27.657126334;999971.703333333;-568781.643333333;-298074.998333333;651.9400270859991;11.757669118;568.3252042218104;11.069336224;0.0;0.0;22.232987222;1.891884444;0.0;0.391675546;0.0;0.496666667;0.503333333;303.88113122668176;9.090844202910434;2990.2607798296845;-152.34282050750141;284.740829333;70.826633333;85.646566667;71.634266667;65.338066667;1.7902;110265.666666667
2021-12-14 13:10:00;63.4;66258.363636364;85537.363636364;99729.454545455;108903.090909091;94183.0;50364.818181818;41453.272727273;0.0;28005.368471195;197.006799716;-4.315130391;1000218.67114094;38769.494966443;-949.447986577;17147.903258334;2068.294867857;10.9469027;999575.124161074;-358983.13590604;-167874.958053691;667.2888467327921;9.528791899;514.7917261443177;3.354506363;0.0;0.0;22.237054251;1.883958613;0.0;0.409869031;0.0;0.604026846;0.239932886;180.5886580001725;-1.4028681911545164;1845.3992512303482;-154.93731775385623;286.65604735;71.17525;86.11765;71.92215;66.1597;1.794495;110160.0
2021-12-14 13:20:00;93.572727273;99939.909090909;129049.454545455;149815.181818182;164517.818181818;143391.909090909;79848.818181818;66050.545454545;0.0;27990.427084615;308.920334965;-7.874364632;999981.363333333;65730.038333333;-9078.695;17165.424644048;2983.23669531;26.841774847;999974.666666667;-571618.061666667;-289257.063333333;653.1724205280744;-6.488830058;569.9910479181576;-6.280062091;0.0;0.0;22.241118333;1.878981111;0.0;0.392873934;0.0;0.501666667;0.498333333;308.98514765046514;-7.8639909432036434;2983.2024675012126;-153.1591273591855;290.868710533;72.0909;87.1655;72.852233333;66.924266667;1.79388;113866.0
2021-12-14 13:30:00;89.990909091;173110.727272727;226419.818181818;261080.818181818;289460.454545454;253887.818181818;142613.727272727;118017.363636364;0.0;27991.740947842;539.068521761;-6.421970719;999986.632279534;115150.266222962;-12838.166389351;17166.230034338;2970.184553502;26.872143118;999973.806988353;-568963.830282862;-288301.936772047;1125.0336160983013;-5.640899621;957.4531278560173;-5.617482132;0.0;0.0;22.247150305;2.271369939;0.0;0.394702189;0.0;0.505823627;0.494176373;539.5325044471604;-6.3616659113643665;2970.16658615764;-153.1280290619047;294.9114888;72.5752;87.83575;73.3212;71.09575;1.79656;199831.5
2021-12-14 13:40:00;59.981818182;146178.454545455;190449.272727273;220598.090909091;243030.454545455;212278.909090909;116754.090909091;96296.454545455;0.0;27992.834908038;675.24901714;-5.609119498;999976.457570716;144326.252911814;-14135.410981697;17166.899428047;2960.728133953;26.941530404;999958.051580699;-566799.906821963;-288066.384359401;1500.756511898803;-4.790359172;1265.487677287079;-5.07102706;0.0;0.0;22.250386023;2.555636717;0.0;0.391316617;0.0;0.500831947;0.499168053;675.2871754159393;-5.593747206349815;2960.6844845743144;-153.0588226149304;292.3027427;74.823566667;90.3053;75.578766667;70.2128;1.791536667;228054.333333333
2021-12-14 13:50:00;90.136363636;235177.0;306835.181818182;354705.272727273;392055.0;343543.363636364;193011.818181818;159858.181818182;0.0;27993.987523805;711.293860789;-5.562600894;999985.55;152041.85;-14768.525;17167.608694467;2954.409521788;26.857217653;999966.876666667;-566015.623333333;-286615.52;1590.0691985389672;-4.782062242;1338.301468980303;-5.03342767;0.0;0.0;22.253682778;2.631615556;0.0;0.389428906;0.0;0.496666667;0.503333333;711.33223118144;-5.547997884352986;2954.3709347537115;-153.14353776318416;293.6517706;76.22915;91.8132;76.96395;76.54835;1.786655;231698.0
2021-12-14 14:00:00;58.654545455;158071.818181818;206008.727272727;238486.727272727;263218.545454545;230325.363636364;127839.272727273;105805.181818182;0.0;27995.182021455;754.905055575;-5.172809783;999984.821666667;161463.551666667;-14591.538333333;17168.340941198;2948.886924368;26.859137994;999979.666666667;-564948.211666667;-286101.986666667;1688.2954266271622;-4.492593765;1419.015317400643;-4.580858066;0.0;0.0;22.261166667;2.655856111;0.0;0.388251093;0.0;0.493333333;0.506666667;754.9372182239655;-5.163820126889296;2948.8562312306863;-153.14136029962046;299.831138233;78.192766667;94.220133333;79.0029;76.4483;1.78519;231366.0
2021-12-14 14:10:00;90.381818182;136382.272727273;176784.818181818;204600.909090909;225010.090909091;196936.181818182;111050.0;92036.454545455;1.0;27995.965534786;222.821357265;-37.743569145;999978.83444816;46393.897993311;-5879.336120401;17168.820307972;2941.442043244;26.972226871;999963.198996656;-562917.419732441;-286491.991638796;608.3400321401166;13.026905373;522.3637106109533;11.084109231;0.0;0.0;22.264966555;2.802182274;0.0;0.389933451;0.0;0.496655518;0.503344482;217.76625900438702;-7.2223946268408925;2941.246162825495;-153.02657179174923;291.88542875;72.61725;89.0016;73.82035;65.81385;1.821065;102857.65
2021-12-14 14:20:00;98.790909091;28205.272727273;36836.545454545;42458.181818182;46552.545454545;39801.0;21548.545454545;17845.636363636;0.0;27996.763854143;85.527904722;-14.358770724;999972.098169717;17785.500831947;-4130.18968386;17169.30936114;2925.508753854;26.89447135;999981.445923461;-560322.806988353;-284177.014975042;217.72416358008155;-4.915904021;179.3765352435074;-5.290235296;0.0;0.0;22.269896839;3.522420965;0.0;0.388860396;0.0;0.490848586;0.509151414;85.02400108180599;-13.07363611873292;2925.5917549823207;-153.10739845635993;247.298197933;46.945033333;60.138033333;50.114666667;41.941466667;1.766053333;69456.666666667
2021-12-14 14:30:00;100.0;10532.909090909;13755.909090909;15867.0;17197.454545455;13921.090909091;6631.909090909;5423.181818182;0.0;27997.187262913;36.406833629;-27.139811213;999989.398998331;6959.464106845;-3466.315525876;17169.568521808;2914.921541459;26.932209422;999966.295492488;-558064.298831386;-283526.717863105;74.34743153713531;-7.591948757;60.49906004368227;-7.783561302;0.0;0.0;22.267130217;3.886201447;0.0;0.39128826;0.0;0.499165275;0.500834725;36.204823395808866;-26.476618733421315;2914.8431271342374;-153.06697785271376;192.2797288;43.32465;51.99505;45.0493;42.9351;1.660335;65291.65
2021-12-14 14:40:00;100.0;7506.090909091;9654.727272727;11156.363636364;11999.363636364;9395.727272727;4118.363636364;3306.454545455;0.0;27997.064590473;29.224442714;-33.398272686;999985.685;5274.356666667;-3341.268333333;17169.492026357;2918.499340262;26.996785227;999969.363333333;-558429.793333333;-284508.485;50.71247147717384;-8.846908232;41.835147763965516;-9.168028994;0.0;0.0;22.267413333;3.710501667;0.0;0.392210524;0.0;0.501666667;0.498333333;29.074166619154898;-32.353974661718546;2918.433113326285;-153.00209394933185;168.9247673;44.2744;52.4501;45.7393;40.929933333;1.649606667;59568.3
2021-12-14 14:50:00;100.0;14452.909090909;18764.727272727;21717.363636364;23499.727272727;18809.818181818;8508.545454545;6832.181818182;0.0;27996.211284948;49.938454417;-23.052965537;999991.85;9884.148333333;-4136.838333333;17168.968561043;2934.52633105;26.928809852;999955.76;-561854.95;-285393.373333333;95.19428446380824;-9.148532023;77.85142220626848;-9.361366308;0.0;0.0;22.257378333;3.039490556;0.0;0.392816502;0.0;0.503333333;0.496666667;49.89530156446978;-22.710899725830355;2934.517342441883;-153.07177643626562;182.88644565;51.77955;60.32495;52.3286;51.69665;1.678605;64507.65
2021-12-14 15:00:00;94.618181818;18487.272727273;23978.909090909;27905.636363636;30270.636363636;24277.0;10907.0;8665.909090909;0.0;27996.699682302;60.965555453;-20.438442522;999983.958333333;12262.885;-4556.306666667;17169.26999939;2933.124557363;26.88569135;999983.075;-561784.748333333;-284832.02;126.89963489663621;-9.423072156;103.75103532938425;-9.707599512;0.0;0.0;22.268583333;2.992495556;0.0;0.392293959;0.0;0.503333333;0.496666667;60.91773039897878;-20.38267917990433;2933.042882146485;-153.11441136047418;195.4185489;53.5729;62.029;53.9241;53.9534;1.67104;71404.333333333
2021-12-14 15:10:00;100.0;19446.181818182;25337.181818182;29382.818181818;31911.636363636;25639.090909091;11518.545454545;9135.090909091;1.0;27998.394062272;38.310845684;-47.258584505;999979.108333333;6757.72;-3624.366666667;17170.312051303;2920.7742652;26.91841711;999969.198333333;-559223.885;-283941.641666667;63.55435680042832;4.531410567;51.926756461529564;-9.869727214;0.0;0.0;22.299964445;3.197681667;0.0;0.392445454;0.0;0.503333333;0.496666667;35.708300985550174;-28.20598563697036;2920.5324460341626;-153.08116643692645;188.61456355;54.0374;63.05705;54.4599;55.2316;1.682045;72411.85
2021-12-14 15:20:00;100.0;16196.454545455;20880.0;24285.363636364;26355.454545455;21146.727272727;9458.909090909;7536.363636364;0.0;27998.65841999;53.685813306;-21.993122073;999978.036666667;10703.455;-4205.948333333;17170.46804526;2932.72886028;26.946625187;999971.701666667;-561408.62;-285406.616666667;112.16567198538083;-8.925222957;94.38996802633005;-9.742366698;0.0;0.0;22.322685;2.64335;0.0;0.393387659;0.0;0.505;0.495;53.5518478217885;-21.4524642977965;2932.6924038749835;-153.0523131796434;202.6255966;54.827033333;63.643366667;55.192266667;55.954566667;1.678446667;57076.666666667
2021-12-14 15:30:00;100.0;17882.363636364;23025.090909091;26995.0;29508.636363636;24064.181818182;11094.363636364;8842.545454545;0.0;27998.438923075;61.036308203;-19.213543179;999983.803333333;12382.906666667;-4271.806666667;17170.335672618;2940.849166367;26.927660734;999979.785;-563066.66;-285997.075;120.40001029977869;-8.030028634;100.52169390283005;-8.76230616;0.0;0.0;22.329995556;2.218243333;0.0;0.389827087;0.0;0.498333333;0.501666667;60.99713354508985;-19.033209877529025;2940.82114200729;-153.07272966382223;218.52163155;56.23325;65.4473;56.4156;56.24325;1.698235;58130.2
2021-12-14 15:40:00;100.0;20485.636363636;26793.454545455;30986.363636364;33911.545454545;27844.636363636;13019.454545455;10391.363636364;0.0;27998.526283837;68.373265131;-17.782518359;999980.688851913;13979.635607321;-4477.34608985;17170.389680522;2940.009827421;26.907454945;999976.87687188;-563001.269550749;-285725.144758735;142.57284022952422;-7.957337949;118.45252652923892;-8.574947006;0.0;0.0;22.33448863;2.238253466;0.0;0.389419316;0.0;0.495840266;0.504159734;68.35502289468658;-17.759031253758447;2939.9763804293825;-153.092044585159;212.393886233;55.2893;64.323233333;55.3368;59.3779;1.70551;64964.4
2021-12-14 15:50:00;100.0;25019.454545455;32657.545454545;37677.545454545;41409.636363636;34707.818181818;17166.727272727;13909.818181818;0.0;27998.175069415;85.153822025;-16.028502218;999980.043333333;17689.476666667;-4551.015;17170.17333768;2948.313973543;26.971920521;999989.57;-564272.193333333;-287169.423333333;167.18448375697673;-6.738902348;138.87165598015272;-7.364105825;0.0;0.0;22.324268333;1.869519444;0.0;0.389911201;0.0;0.498333333;0.501666667;85.05546849096153;-14.427737512893632;2948.299370958535;-153.0275451335904;238.772837;59.7317;70.95555;60.21625;56.31605;1.74424;49374.9
2021-12-14 16:00:00;63.636363636;34574.363636364;44776.272727273;52240.272727273;56537.363636364;46940.727272727;22084.363636364;17775.727272727;0.0;27998.126912543;157.87066803;-11.20265128;999985.938230384;33269.210350584;-6586.589315526;17170.145234985;2951.479690199;26.918381712;999988.689482471;-565147.12687813;-286942.769616027;345.80987358884863;-6.723340527;285.6666956352044;-7.128884393;0.0;0.0;22.320636617;1.651835837;0.0;0.388696098;0.0;0.494156928;0.505843072;157.9287709739825;-11.198522212821121;2951.4530328048327;-153.0816784844604;246.9348331;62.517866667;75.9208;63.6196;59.3523;1.787243333;84758.266666667
2021-12-14 16:10:00;100.0;58194.727272727;74825.454545455;87382.636363636;94335.818181818;78485.909090909;37489.454545455;30157.181818182;1.0;27999.197335195;91.146211421;-40.761892977;999986.851419032;18238.764607679;-4807.631051753;17170.804247586;2942.750070885;26.954415951;999959.293823038;-563254.949916528;-286435.627712855;185.4784305859158;-16.620702001;146.87494036236205;-9.339084304;0.0;0.0;22.341889816;1.866426266;0.0;0.390902097;0.0;0.499165275;0.500834725;87.83189719833122;-14.766935257380261;2942.528034975923;-153.04500794926346;244.662796;62.21005;75.5459;63.2371;58.3036;1.791695;92571.25
2021-12-14 16:20:00;100.0;49401.363636364;63554.090909091;73962.727272727;80292.090909091;67605.636363636;33849.181818182;27496.909090909;0.0;27999.366010526;147.945952857;-11.317743116;999986.59234609;31192.296173045;-6075.176372712;17170.905908356;2949.95092529;26.919373696;999946.705490849;-564849.557404326;-286802.384359401;326.501017045345;-6.816411048;269.71965172827345;-6.821203998;0.0;0.0;22.358151414;1.482453134;0.0;0.393638752;0.0;0.505823627;0.494176373;147.9797359751949;-11.02125274411939;2949.921548367979;-153.0808155802308;254.455738967;64.9878;79.184333333;66.122733333;60.2802;1.79952;72975.233333333
2021-12-14 16:30:00;99.927272727;95287.454545455;123829.0;143253.272727273;157326.0;136253.0;73881.909090909;61013.909090909;0.0;27999.520358273;299.190026931;-6.560166927;999980.848333333;63884.738333333;-7246.055;17170.998303365;2950.099554825;26.947931466;999967.451666667;-564728.3;-287105.625;647.9463156518145;-4.192707681;529.7709246227364;-4.413447767;0.0;0.0;22.365986667;1.401555556;0.0;0.394186057;0.0;0.506666667;0.493333333;299.39395810088286;-6.471054291070614;2950.0577634250944;-153.0513970899879;288.76940805;74.00695;90.5156;75.3661;72.4448;1.80628;96206.15
2021-12-14 16:40:00;98.727272727;121593.0;158714.363636364;183137.272727273;202249.727272727;176163.545454545;95667.454545455;79096.818181818;0.0;27999.236798372;366.374573025;-5.774519804;999984.818333333;78295.063333333;-7903.073333333;17170.824801698;2951.694369515;26.993527367;999953.03;-564820.918333333;-287689.478333333;834.206773093888;-3.806928737;683.307243614335;-4.050498802;0.0;0.0;22.355651667;1.424886111;0.0;0.393568096;0.0;0.505;0.495;366.4424599236786;-5.763890951748997;2951.675186301954;-153.00814681765425;288.815918767;74.797766667;91.630866667;76.258766667;68.568533333;1.8087;109404.333333333
2021-12-14 16:50:00;62.618181818;92923.181818182;120607.545454545;139840.545454545;153326.090909091;132898.363636364;71390.818181818;58943.727272727;0.0;27998.800631032;428.064903114;-5.579667031;999971.161936561;91508.644407346;-8917.590984975;17170.557179676;2953.5254928;26.918379917;999967.045075125;-565539.444073456;-287137.956594324;975.6020240724786;-3.958335272;799.2801122108572;-4.027763898;0.0;0.0;22.338031719;1.466603784;0.0;0.392202821;0.0;0.502504174;0.497495826;428.1389102210684;-5.565944893715575;2953.4934476896474;-153.0820010502351;295.2659205;75.4673;92.38755;76.7784;68.5833;1.812405;125307.5
2021-12-14 17:00:00;94.790909091;141880.727272727;183160.454545455;212273.545454545;232870.454545455;202923.818181818;112297.0;93017.727272727;0.0;27998.341623798;435.104161681;-5.62778199;999983.791596639;92973.226890756;-9128.405042017;17170.274777007;2956.398922939;26.940181936;999980.956302521;-565976.576470588;-287622.996638656;1010.9988615338639;-3.827327757;828.1943650300271;-4.277487026;0.0;0.0;22.323309804;1.424693557;0.0;0.389305875;0.0;0.495798319;0.504201681;435.0220780012143;-5.6075080037058145;2956.3311857628933;-153.0608294678166;294.562271833;75.3126;92.280766667;76.6416;71.142866667;1.814363333;124290.0
2021-12-14 17:10:00;92.754545455;137321.272727273;177683.272727273;205155.454545455;227061.454545455;198424.454545455;110210.272727273;91291.818181818;1.0;27998.041092879;314.641751248;-20.476969173;999979.998319328;66622.27394958;-7389.480672269;17170.093347019;2954.410513067;26.925545947;999974.105882353;-565636.245378151;-287295.744537815;771.9105143817304;-8.137519977;672.678927588074;-3.693767665;0.0;0.0;22.313904762;1.56582409;0.0;0.388711905;0.0;0.494117647;0.505882353;312.1366133779691;-6.329152648798721;2954.2280457886377;-153.07325254373146;295.12087685;75.07325;91.95095;76.31015;68.539;1.81715;120300.0
2021-12-14 17:20:00;60.172727273;90178.181818182;116456.272727273;134727.090909091;148720.090909091;129470.909090909;70827.818181818;58573.272727273;1.0;27997.420270302;323.336746846;-22.1571076;999984.929530201;68674.82885906;-7542.197986577;17169.709192518;2958.660122044;26.920986927;999961.590604027;-566488.0;-287610.538590604;644.0088318065225;-12.10973109;512.3514328023621;3.017403974;0.0;0.0;22.300401007;1.447735459;0.0;0.389790592;0.0;0.494966443;0.505033557;321.71489487468017;-6.267378971203012;2958.4281996120876;-153.08272659083894;296.982555667;74.7367;92.119366667;76.310133333;70.2435;1.82018;120810.333333333
2021-12-14 17:30:00;94.809090909;140097.090909091;180072.545454545;209180.636363636;229085.636363636;199228.727272727;110049.636363636;91171.545454545;0.0;27997.075031731;429.759887821;-5.757991527;999983.468013468;91808.28956229;-9224.065656566;17169.497833576;2961.578022276;26.932499606;999972.267676768;-566991.511784512;-288068.813131313;992.0941574328407;-3.838598165;811.2077973863646;-4.34373679;0.0;0.0;22.285189675;1.383019641;0.0;0.389042895;0.0;0.494949495;0.505050505;429.66800439700324;-5.737307918832075;2961.4850333324966;-153.06644851970773;298.2816784;75.5141;92.386;76.6702;72.4448;1.815675;122289.0
2021-12-14 17:40:00;93.536363636;137543.090909091;178552.545454545;206702.0;228329.363636364;198804.909090909;110455.181818182;91358.363636364;0.0;27996.701297575;424.267711463;-6.077546243;999976.251677852;90586.16442953;-9633.313758389;17169.267869091;2963.267772804;26.924131408;999983.850671141;-567357.156040268;-288157.097315436;978.5092117623379;-4.369070891;803.3127337984803;-4.5286151;0.0;0.0;22.275365213;1.373580537;0.0;0.391333914;0.0;0.498322148;0.501677852;424.2032203742109;-6.070259762332159;2963.1892538833335;-153.07427411543657;294.915442367;74.991666667;91.823266667;76.3154;70.509866667;1.811766667;118889.333333333
2021-12-14 17:50:00;53.09;54552.9;78427.3;90161.4;100858.5;86370.7;45639.3;36920.2;0.0;28011.407273567;125.581387345;-36.073442773;999983.322330097;25750.031067961;-4425.932038835;17178.339130845;2752.268746684;26.819169116;999977.196116505;-526501.829126214;-264506.93592233;383.3581032242939;0.411492466;324.52344178532513;4.0990748;0.0;0.0;22.368984466;14.362012298;0.0;0.400343904;0.0;0.52038835;0.473786408;121.66625151722542;-9.752739290332586;2743.7215713691016;-153.32570547266045;0;0;0;0;0;0;0
