end;AE33_BB;AE33_BC1;AE33_BC2;AE33_BC3;AE33_BC4;AE33_BC5;AE33_BC6;AE33_BC7;AE33_BC1_Abs_1_per_Mm;AE33_BC2_Abs_1_per_Mm;AE33_BC3_Abs_1_per_Mm;AE33_BC4_Abs_1_per_Mm;AE33_BC5_Abs_1_per_Mm;AE33_BC6_Abs_1_per_Mm;AE33_BC7_Abs_1_per_Mm;PMS1_Concentration_ug_per_m3;ComPAS_V4_BKG_Meas_Active;ComPAS_V4_Frequency_1_Hz;ComPAS_V4_Amplitude_1_uPa;ComPAS_V4_Phase_1_deg;ComPAS_V4_Integration_Time_1_us;ComPAS_V4_X1;ComPAS_V4_Y1;ComPAS_V4_Frequency_2_Hz;ComPAS_V4_Amplitude_2_uPa;ComPAS_V4_Phase_2_deg;ComPAS_V4_Integration_Time_2_us;ComPAS_V4_X2;ComPAS_V4_Y2;ComPAS_V4_Blue_A_60s_Mov_Avg_Mm_1;ComPAS_V4_Blue_P_Mov_Avg_deg;ComPAS_V4_Green_A_60s_Mov_Avg_Mm_1;ComPAS_V4_Green_P_Mov_Avg_deg;ComPAS_V4_Red_A_60s_Mov_Avg_Mm_1;ComPAS_V4_Red_P_Mov_Avg_deg;ComPAS_V4_T_Mean_C;ComPAS_V4_R_H_Mean_percent;ComPAS_V4_Pressure_Mean_bar;ComPAS_V4_PD1_Mean_V;ComPAS_V4_Laser_Red_On_per_Off;ComPAS_V4_Laser_Green_On_per_Off;ComPAS_V4_Laser_Blue_On_per_Off;ComPAS_V4_X1_VH;ComPAS_V4_Y1_VH;ComPAS_V4_Amplitude_1_VH_uPa;ComPAS_V4_Phase_1_VH_deg;ComPAS_V4_X2_VH;ComPAS_V4_Y2_VH;ComPAS_V4_Amplitude_2_VH_uPa;ComPAS_V4_Phase_2_VH_deg;ComPAS_V4_Blue_A_Mov_Avg_VH_uPa;ComPAS_V4_Blue_P_Mov_Avg_VH_deg;ComPAS_V4_Green_A_Mov_Avg_VH_uPa;ComPAS_V4_Green_P_Mov_Avg_VH_deg;ComPAS_V4_Red_A_Mov_Avg_VH_uPa;ComPAS_V4_Red_P_Mov_Avg_VH_deg;ComPAS_V4_R1_uPa;ComPAS_V4_Theta1_deg;ComPAS_V4_R2_uPa;ComPAS_V4_Theta2_deg;ComPAS_V4_R1_VH_uPa;ComPAS_V4_Theta1_VH_deg;ComPAS_V4_R2_VH_uPa;ComPAS_V4_Theta2_VH_deg;SMPS3080_Export_SMPS_Mass_conc_ug_per_m3;SMPS3080_Export_Mass_Equivalent_diameter_nm;SMPS3080_Export_Median_nm;SMPS3080_Export_Mean_nm;SMPS3080_Export_Geo_Mean_nm;SMPS3080_Export_Mode_nm;SMPS3080_Export_Geo_Std_Dev;SMPS3080_Export_Total_Conc_1_per_cm3;MSPTI_Metas_Export_MEDIAN_Babs_1_per_Mm;MSPTI_Metas_Export_MEAN_Babs_1_per_Mm;miniPTI_i;miniPTI_Phase_high_rad;miniPTI_Phase_low_rad;miniPTI_Probe_High_V;miniPTI_Probe_Low_V;miniPTI_Pump_High_V;miniPTI_Pump_Low_V;miniPTI_Boxcar_2_rad_per_V_Sa;miniPTI_Average_phase_rad;miniPTI_Quadrature_control_voltage_V;miniPTI_dphi_per_dt_rad_per_s;miniPTI_Lock_in_R;miniPTI_Lock_in_Phase_deg;miniPTI_I0_high_V;miniPTI_I0_Low_V;miniPTI_Lock_in_R_EW;miniPTI_Lock_in_Phase_EW_deg;miniPTI_X1;miniPTI_Y1;miniPTI_X2;miniPTI_Y2;miniPTI_X3;miniPTI_Y3;miniPTI_Norm_Paper_dPhi_2_PL_V;miniPTI_Paper_dPhi_2_V;miniPTI_Norm_Paper_dPhi_2_V;miniPTI_Norm_AC_phase_1_deg;miniPTI_Norm_AC_phase_2_deg;miniPTI_Norm_AC_phase_3_deg;miniPTI_Norm_DC1_V;miniPTI_Norm_DC2_V;miniPTI_Norm_DC3_V;miniPTI_Lock_in_Norm_R;miniPTI_Lock_in_Norm_Phase_deg;miniPTI_Normalised_phase_rad;miniPTI_Ernest_new_rad;miniPTI_Ableitung_Norm_Phase_rad_per_s;miniPTI_Ableitung_Norm_Phase_high_res_rad_per_s;miniPTI_AC_gain;miniPTI_Norm_dphi2_X;miniPTI_Norm_dphi2_Y;miniPTI_Norm_dphi2_R;miniPTI_Norm_dphi2_phase;miniPTI_Norm_dphi2_projected_R;miniPTI_PLL_LI_test_standard;miniPTI_PLL_LI_test_norm;miniPTI_Norm_D1X;miniPTI_Norm_D1Y;miniPTI_Norm_D2X;miniPTI_Norm_D2Y;miniPTI_Norm_D3X;miniPTI_Norm_D3Y;miniPTI_DC_D1_con_scaled_V;miniPTI_DC_D2_con_scaled;miniPTI_DC_D3_con_scaled;miniPTI_dphi2_R_Vect
2021-12-14 10:10:00;0;0;0;0;0;0;0;0;0;0;0;0;0;0;0;0;0.0;22080.999952;7.466336739;14.018660793;1000000.0;18.539232053;11.358931553;22080.999952;6.359786121;46.297061546;1000000.0;-8.614357262;-8.320534224;0.0;0.0;0.0;0.0;0.0;0.0;18.766773511;17.580580968;0.0;0.0;0.0;0.0;0.0;18.539232053;11.358931553;7.466336739;14.018660793;-8.614357262;-8.320534224;6.359786121;46.297061546;0.0;0.0;0.0;0.0;0.0;0.0;0.10124556422110334;31.49567594140752;0.05577029122109255;-135.99399107868464;0.10124556422110334;31.49567594140752;0.05577029122109255;-135.99399107868464;0;0;0;0;0;0;0;0;0;0;0;0;0;0;0;0;0;0;0;0;0;0;0;0;0;0;0;0;0;0;0;0;0;0;0;0;0;0;0;0;0;0;0;0;0;0;0;0;0;0;0;0;0;0;0;0;0;0;0;0;0;0;0;0;0;0
2021-12-14 10:20:00;0;0;0;0;0;0;0;0;0;0;0;0;0;0;0;3.206866667;1.0;25630.20433023;13.848374122;-26.386953892;999989.161666667;1645.656666667;-1000.648333333;19017.131545977;1995.979058474;38.125326355;999981.795;-366124.51;-218654.818333333;10.432884740325271;-18.199731709;9.414412386059114;-21.579580393;0.0;0.0;19.095541667;18.944691667;0.0;0.0;0.0;0.306666667;0.306666667;-1105.393333333;419.198333333;5.554556464;21.715155878;-1161.343333333;214.75;2.65332252;18.005090944;0.0;0.0;0.0;0.0;0.0;0.0;8.968644797142884;-31.301865661539395;1985.7988224397257;-149.1537442367312;5.505096628528336;159.23176894315162;5.499607464991519;169.52348148154002;7.333004026;224.906320729;99.355342857;111.744;100.171228571;86.865628571;1.583784286;5238.464285714;0;0;0;0;0;0;0;0;0;0;0;0;0;0;0;0;0;0;0;0;0;0;0;0;0;0;0;0;0;0;0;0;0;0;0;0;0;0;0;0;0;0;0;0;0;0;0;0;0;0;0;0;0;0;0;0;0;0
2021-12-14 10:30:00;0;0;0;0;0;0;0;0;0;0;0;0;0;0;0;163.636470785;1.0;27868.100597781;264.306701572;16.001838002;999981.909390445;54576.453047776;16021.390444811;17085.940332013;3477.41656361;29.686503391;999971.701812191;-648818.504118616;-369840.599670511;524.7617848185699;14.592450078;452.235863041899;14.315855169;0.0;0.0;19.461377814;9.087028556;0.0;0.001392204;0.0;0.504118616;0.495881384;54515.082372323;16015.003294893;264.071394393;16.062461873;-646759.355848435;-368638.003294893;3466.282377758;29.582183286;239.609439964;14.600837096;220.892119929;14.382600165;0.0;0.0;264.8656751458893;16.360058264148122;3477.6747213382955;-150.31592320745082;264.58309417553164;16.37130983672229;3466.5711649059454;-150.31785140311467;75.315953661;295.321573455;78.316627273;94.111181818;79.811990909;77.613909091;1.74962;83559.754545455;0;0;152.5;-1.17595098;-1.175915033;5.127843137;5.127810458;0.020136275;5.9408e-05;8.186e-06;-1.175947712;0.5;9.96e-06;1.6e-08;-72.831830065;-0.057397386;-0.057589216;4.917e-06;202.982581699;1.14e-07;-1.295e-06;3.5e-08;-7.8e-08;-1.49e-07;1.373e-06;-2.93e-06;-1.719e-06;-3.232e-06;120.051633987;247.704660131;142.964869281;0.573107843;0.06328732;-0.636401961;1.7e-06;168.790196078;0.601074771;1.027e-06;0.020276117;0.004078018;1000.0;6.9e-08;-7.9e-07;1.288e-06;-1.277642484;6.9e-08;-2.508e-06;-1.156e-06;-5.7e-08;4.57e-07;7.3e-08;-6.86e-07;-1.6e-08;2.29e-07;0.686313725;0.049717891;0.753457516;2.401e-06
2021-12-14 10:40:00;0;0;0;0;0;0;0;0;0;0;0;0;0;0;0;274.573716194;1.0;27879.896017272;283.126954052;-3.82609059;999981.675895765;58111.442996743;15568.504885993;17093.184443015;3519.604842388;29.595067415;999973.07980456;-657198.104234528;-373212.708469055;734.3241857781981;-2.361601447;611.0603207427636;2.398628137;0.0;0.0;19.905674267;5.127235613;0.0;0.406418887;0.0;0.509771987;0.490228013;84135.814332248;23022.078175896;405.414714992;15.281916533;-659423.340390879;-374560.859934853;3532.061824669;29.525858766;411.041627849;16.026605267;376.548487293;15.594139863;0.0;0.0;280.1454123424311;14.997783588481456;3519.3553628984205;-150.40842260368242;406.19042700617024;15.303246361701387;3531.465968705119;-150.402872970371;125.827309473;285.965534764;71.655236364;86.424527273;72.565618182;70.618618182;1.778261818;148982.818181818;0;0;605.0;0.745325824;0.74534594;5.151364393;5.151364393;0.019580699;5.6778e-05;-6.485e-06;0.745321148;0.5;1.1192e-05;2.1e-08;-65.288996173;-0.045160399;-0.045363228;6.694e-06;172.58014975;-2.64e-07;1.097e-06;1.21e-07;-1.887e-06;1.43e-07;7.9e-07;-4.011e-06;-2.579e-06;-4.948e-06;127.613527454;187.490322795;244.574958403;-0.461547498;0.560590587;-0.099018303;2.123e-06;113.714575707;0.791911814;1.278e-06;-0.034789696;-0.007008328;1000.0;1.07e-07;-1.101e-06;1.717e-06;-1.141959734;1.07e-07;-3.421e-06;-1.593e-06;2.4e-08;6.23e-07;-1.13e-07;2.39e-07;9e-08;-8.62e-07;0.785251248;0.588122795;0.141794361;3.127e-06
2021-12-14 10:50:00;0;0;0;0;0;0;0;0;0;0;0;0;0;0;0;282.708155259;1.0;27894.569441101;324.108161678;-2.418742578;999982.425956739;67385.144758735;16223.202995008;17102.182455496;3475.379871712;29.569249665;999970.336106489;-649111.768718802;-368262.742096506;598.635403602664;-21.234175949;538.7863756260592;-24.030660489;0.0;0.0;20.328824182;3.75063949;0.0;0.401527509;0.0;0.504159734;0.495840266;86559.855241265;21601.93843594;414.752771716;13.94766467;-651015.920133112;-369700.945091514;3486.908800694;29.521387616;393.519529121;15.77119536;368.922148749;15.284255978;0.0;0.0;322.7523223854104;13.536542184201808;3475.229705186337;-150.4323131740015;415.4380487441286;14.012551805351713;3486.2469169142973;-150.4084888851463;128.989830882;281.538787864;71.251209091;85.906118182;72.165145455;68.342972727;1.777485455;156871.545454545;0;0;1205.0;0.143677205;0.14374376;5.100865225;5.100865225;0.019155241;5.5951e-05;1.09e-07;0.143727121;0.5;1.3206e-05;2.1e-08;-55.773351082;-0.041146912;-0.041330752;6.8e-06;189.217670549;-5.2e-08;1.2e-07;-2.23e-07;1.296e-06;2.75e-07;-1.417e-06;-3.758e-06;-2.207e-06;-4.31e-06;235.330549085;177.636459235;150.407274542;-0.067523295;-0.43170023;0.499228053;2.156e-06;220.711163062;-1.647475874;1.352e-06;0.019261072;0.004114866;1000.0;1.41e-07;-1.022e-06;1.725e-06;-0.926567388;1.41e-07;-3.243e-06;-1.481e-06;1.17e-07;-6.96e-07;-1.3e-08;2.48e-07;-1.04e-07;4.48e-07;0.167956972;0.735143095;0.568754742;3.119e-06
2021-12-14 11:00:00;0;0;0;0;0;0;0;0;0;0;0;0;0;0;0;358.234464107;0.0;27909.30926636;595.938119059;14.402416821;999982.177631579;124020.518092105;31889.889802632;17111.21909959;3402.467671633;29.566774643;999967.776315789;-635504.546052632;-360509.208881579;1252.0729870727266;15.749589489;1078.884210475042;15.241500322;0.0;0.0;20.677973136;3.501445724;0.0;0.39581174;0.0;0.495065789;0.504934211;124020.518092105;31889.889802632;595.938119059;14.402416821;-635504.546052632;-360509.208881579;3402.467671633;29.566774643;571.966211041;15.749589489;527.108290557;15.241500322;0.0;0.0;596.302033353285;14.420296215566847;3402.3016008582617;-150.43461188812847;596.302033353285;14.420296215566847;3402.3016008582617;-150.43461188812847;186.600957845;283.962254245;70.741854545;85.528290909;71.596781818;68.571218182;1.787944545;225199.363636364;1403.350412476;1431.346996279;1805.5;-1.508098007;-1.508063123;5.103521595;5.103521595;0.018859801;5.5945e-05;8.02e-07;-1.508059801;0.5;1.1178e-05;1.3e-08;-79.993637874;-0.040835548;-0.041027658;4.282e-06;182.24516113;-1.04e-07;-1.626e-06;1.41e-07;8.53e-07;-3.7e-08;7.74e-07;-3.531e-06;-1.747e-06;-3.857e-06;168.546744186;259.93358804;111.291656146;0.68055814;-0.186959625;-0.493593023;1.412e-06;238.45217608;0.256256148;1.008e-06;0.014228101;0.002709989;1000.0;-6.9e-08;-9.34e-07;1.123e-06;-1.396810415;-6.9e-08;-2.728e-06;-1.38e-06;-3.8e-08;1e-07;-3.3e-08;-7.61e-07;7.1e-08;6.61e-07;0.531501661;0.079816942;0.863880399;1.911e-06
2021-12-14 11:10:00;0;0;0;0;0;0;0;0;0;0;0;0;0;0;0;436.211878333;0.0;27923.153416474;714.779014713;14.779296459;999980.858319605;148415.171334432;39175.495881384;17119.704296183;3326.498515751;29.557998369;999968.990115321;-621371.299835255;-352376.196046128;1583.1804101320968;15.849012215;1350.6622770295346;15.496370568;0.0;0.0;20.978982427;3.503214717;0.0;0.398288725;0.0;0.500823723;0.499176277;148415.171334432;39175.495881384;714.779014713;14.779296459;-621371.299835255;-352376.196046128;3326.498515751;29.557998369;723.22117794;15.849012215;659.890354361;15.496370568;0.0;0.0;714.7829857928319;14.786472741845103;3326.371073040741;-150.44266980272593;714.7829857928319;14.786472741845103;3326.371073040741;-150.44266980272593;230.105005482;287.083343255;71.135681818;86.246236364;72.046372727;67.658236364;1.794374545;269631.0;1520.213764181;1537.940858814;2406.0;-0.291147504;-0.291142962;5.134392679;5.13437604;0.01860599;5.3525e-05;1.8159e-05;-0.291143328;0.5;6.619e-06;1.4e-08;-86.453728785;-0.042378572;-0.042567466;4.385e-06;188.611647255;1.8e-08;-4.15e-07;-1.48e-07;-1.424e-06;1.3e-07;1.839e-06;-3.383e-06;-1.978e-06;-3.648e-06;93.329249584;243.613921797;250.939617304;0.081453023;0.627321131;-0.708763727;1.299e-06;95.722527454;1.466272879;9.62e-07;0.005005682;0.000990853;1000.0;-8.4e-08;-9.12e-07;1.056e-06;-1.493023295;-8.4e-08;-2.988e-06;-1.335e-06;7.9e-08;8.78e-07;-3.6e-08;-4.93e-07;-4.2e-08;-3.84e-07;0.967708819;0.159604493;0.381432612;2.121e-06
2021-12-14 11:20:00;0;0;0;0;0;0;0;0;0;0;0;0;0;0;0;453.93921202;1.0;27939.628497098;587.234163253;13.512277169;1000131.11627907;116120.189368771;30077.470099668;17107.557622284;2687.444738762;14.808939792;999720.053156146;-470674.92192691;-249437.486710963;1647.0058260834714;16.576726182;1401.558963427293;16.171508894;0.0;0.0;21.228153931;3.413207087;0.0;0.442328096;0.0;0.611295681;0.367109635;116124.199335548;30077.390365449;587.24648006;13.713799549;-470686.147840532;-249434.8089701;2687.433138745;14.806527005;752.377610278;16.576726182;684.756846151;16.171508894;0.0;0.0;558.571391558005;14.521617803420764;2480.5105936783616;-152.07833212052165;558.5893748040756;14.521100678984629;2480.550944412964;-152.07915200781918;240.581834791;290.378831364;71.339781818;86.736818182;72.384018182;69.078527273;1.795741818;274405.636363636;1796.458927995;1797.344897887;3006.0;0.362253444;0.362265191;5.146788686;5.146772047;0.018412812;5.2922e-05;-1.5538e-05;0.362246339;0.5;6.591e-06;1.2e-08;-95.825956739;-0.042749917;-0.042939434;3.876e-06;176.748830283;9.3e-08;4.9e-07;-3.13e-07;-1.655e-06;2.2e-07;1.164e-06;-3.047e-06;-1.807e-06;-3.389e-06;81.132163062;197.208801997;250.916194676;-0.364645092;0.763990017;-0.399339834;1.251e-06;83.256459235;2.068668885;8.53e-07;0.008333147;0.00171977;1000.0;-1.58e-07;-8.23e-07;9.44e-07;-1.672440499;-1.58e-07;-2.656e-06;-1.203e-06;1.32e-07;7.06e-07;-1e-08;-6.2e-08;-1.22e-07;-6.44e-07;0.954828619;0.426409318;0.137079592;1.867e-06
2021-12-14 11:30:00;64.754098361;71818.745901639;94111.327868852;109365.368852459;119383.401639344;102298.409836066;53649.450819672;44004.819672131;682.8978552431661;704.4616307504516;739.8202651639342;711.7107812841514;545.0800270765048;214.60376432877902;162.8846549204609;459.421531667;1.0;27951.085534687;350.98693786;-28.111013328;999999.41;74468.553333333;2143.71;17137.804034017;3086.830380887;30.02691734;999934.625;-581857.123333333;-306060.416666667;842.623722606725;45.468515693;688.1834368974459;50.2303028;0.0;0.0;21.466297222;3.615367778;0.0;0.389123429;0.0;0.503333333;0.458333333;57304.84;3101.415;271.992003034;91.926584424;-210318.88;-245843.366666667;1744.119244668;67.962345555;734.510540077;12.404370761;664.413500717;12.432585759;0.0;0.0;346.9148753200338;1.6489057356858736;3061.455385235456;-152.25535449162626;267.2369825067586;3.0979022841095856;1506.5635437233168;-130.5469719305798;244.357346073;291.668770882;71.328963636;86.660045455;72.270136364;70.669436364;1.798117273;278154.818181818;1779.27764174;1786.275564618;3435.0;1.133320463;1.133332046;5.132277992;5.132277992;0.018295367;5.2889e-05;-2.402e-05;1.133335907;0.5;8.337e-06;1.3e-08;-90.284555985;-0.037013514;-0.037203861;4.078e-06;177.997065637;3.85e-07;1.255e-06;-3.98e-07;-1.294e-06;1.2e-08;3.9e-08;-2.789e-06;-1.412e-06;-3.047e-06;95.067795367;94.094181467;242.123166023;-0.747509653;0.583760618;0.163752432;1.39e-06;89.78323166;2.54692278;9.12e-07;0.00587312;0.001048166;1000.0;-2.19e-07;-7.67e-07;1.133e-06;-1.54272973;-2.19e-07;-2.194e-06;-1.095e-06;8.2e-08;2.51e-07;1.29e-07;4.75e-07;-2.11e-07;-7.26e-07;0.728220077;0.785027027;-0.001688775;1.951e-06
2021-12-14 11:40:00;99.970491803;132794.016393443;173852.344262295;201291.073770492;221760.647540984;192202.663934426;104158.426229508;85819.754098361;1262.6891189162145;1301.3556255361254;1361.667017032788;1322.0384203515505;1024.1198609972662;416.6452780765018;317.6634090497887;456.909662771;0.0;27953.528536655;723.000161079;3.621986806;999979.418300654;154831.434640523;9820.295751634;17139.927502194;3146.600549502;27.551647726;999969.75;-599065.343137255;-312567.885620915;1693.5263183846077;4.645943009;1373.403770242212;5.014305963;0.0;0.0;21.653997277;3.18522549;0.0;0.395408037;0.0;0.504901961;0.495098039;154831.434640523;9820.295751634;723.000161079;3.621986806;-599065.343137255;-312567.885620915;3146.600549502;27.551647726;773.628887154;4.645943009;671.001119998;5.014305963;0.0;0.0;722.4388036109706;3.6291649792411724;3146.499087315464;-152.4462822072546;722.4388036109706;3.6291649792411724;3146.499087315464;-152.4462822072546;232.451933345;290.718630945;71.527618182;86.938072727;72.513281818;67.721581818;1.797653636;263182.909090909;1858.835593552;1854.920488051;0;0;0;0;0;0;0;0;0;0;0;0;0;0;0;0;0;0;0;0;0;0;0;0;0;0;0;0;0;0;0;0;0;0;0;0;0;0;0;0;0;0;0;0;0;0;0;0;0;0;0;0;0;0;0;0
2021-12-14 11:50:00;100.0;139149.581967213;183101.663934426;211702.245901639;234646.614754098;202789.393442623;106924.245901639;87889.073770492;1323.121838044018;1370.5905515233737;1432.0951261092869;1398.858829779597;1080.5294847267762;427.7088640783228;325.3230341369163;299.290232053;0.0;27961.536198002;390.339037403;3.804572337;999977.736156352;83548.640065147;5538.885993485;17144.833518042;3121.039081692;27.573942824;999970.809446254;-594102.394136808;-310215.273615635;947.2451247632949;5.594196917;746.3310260882735;6.856210529;0.0;0.0;21.817868621;2.481963627;0.0;0.397936185;0.0;0.508143322;0.491856678;83548.640065147;5538.885993485;390.339037403;3.804572337;-594102.394136808;-310215.273615635;3121.039081692;27.573942824;432.716151959;5.594196917;364.633449569;6.856210529;0.0;0.0;389.90769513677094;3.792893338733683;3120.9423036578332;-152.4283306624068;389.90769513677094;3.792893338733683;3120.9423036578332;-152.4283306624068;125.648429282;287.307505409;71.655836364;86.9213;72.603072727;70.364963636;1.794511818;144198.454545455;1382.941381868;1378.714579513;0;0;0;0;0;0;0;0;0;0;0;0;0;0;0;0;0;0;0;0;0;0;0;0;0;0;0;0;0;0;0;0;0;0;0;0;0;0;0;0;0;0;0;0;0;0;0;0;0;0;0;0;0;0;0;0
2021-12-14 12:00:00;60.655737705;117505.450819672;153731.073770492;178456.139344262;196401.336065574;169002.409836066;88003.286885246;72132.56557377;1117.31581130692;1150.739718350335;1207.196297284151;1170.8574761402563;900.5011737431716;352.02292568397115;267.00002725956097;213.163725;0.0;27968.917147886;288.669838181;4.136008852;999979.289950577;61813.723228995;4464.799011532;17149.358040329;3095.510194165;27.568405021;999969.561779242;-589280.915980231;-307644.072487644;658.9420255291963;6.486936697;506.5432797593571;8.682168837;0.0;0.0;21.943753432;2.152008786;0.0;0.39332784;0.0;0.499176277;0.500823723;61813.723228995;4464.799011532;288.669838181;4.136008852;-589280.915980231;-307644.072487644;3095.510194165;27.568405021;301.014858981;6.486936697;247.480832229;8.682168837;0.0;0.0;288.5924626892522;4.131293821514459;3095.498505958655;-152.43242798582116;288.5924626892522;4.131293821514459;3095.498505958655;-152.43242798582116;88.193991427;294.0479096;69.475172727;84.735527273;70.536863636;66.611481818;1.800413636;104060.363636364;701.82355305;698.024958573;0;0;0;0;0;0;0;0;0;0;0;0;0;0;0;0;0;0;0;0;0;0;0;0;0;0;0;0;0;0;0;0;0;0;0;0;0;0;0;0;0;0;0;0;0;0;0;0;0;0;0;0;0;0;0;0
2021-12-14 12:10:00;97.521311475;231809.606557377;302320.450819672;350021.795081967;385765.081967213;335125.721311475;183081.221311475;150954.647540984;2204.1916933442612;2262.9917419763196;2367.7807697978124;2299.7599675409824;1785.6615517213088;732.3452276038233;558.7614233293882;203.322876667;0.0;27975.433632742;285.88333615;5.167087566;999982.247960848;61136.323001631;5525.951060359;17153.350565463;3068.305015979;27.560541284;999968.730831974;-584124.983686786;-304841.898858075;640.572501465587;7.519885509;491.68997158937447;9.843801131;0.0;0.0;22.048785753;2.047277868;0.0;0.393728347;0.0;0.502446982;0.497553018;61136.323001631;5525.951060359;285.88333615;5.167087566;-584124.983686786;-304841.898858075;3068.305015979;27.560541284;292.623377665;7.519885509;240.223981306;9.843801131;0.0;0.0;285.84875663048297;5.16477976927587;3068.1763894327673;-152.4409407197608;285.84875663048297;5.16477976927587;3068.1763894327673;-152.4409407197608;84.092460112;292.221298618;68.975636364;84.044481818;69.961318182;64.8961;1.800438182;101592.545454545;711.411006915;710.323699153;0;0;0;0;0;0;0;0;0;0;0;0;0;0;0;0;0;0;0;0;0;0;0;0;0;0;0;0;0;0;0;0;0;0;0;0;0;0;0;0;0;0;0;0;0;0;0;0;0;0;0;0;0;0;0;0
2021-12-14 12:20:00;56.672131148;145992.967213115;191063.016393443;220783.426229508;244206.336065574;213158.639344262;117421.213114754;96933.040983607;1388.1930537601718;1430.1845181930807;1493.5262839672116;1455.8496394735894;1135.780283306009;469.69789926047315;358.7994462571358;205.607963333;0.0;27980.846312859;289.994932011;6.286865555;999982.972536349;61881.964458805;6824.135702746;17156.667930107;3044.561867947;27.587230853;999971.252019386;-579480.835218094;-302775.861066236;649.9310225816497;8.672642008;499.0697475469581;10.950644192;0.0;0.0;22.129692515;1.995245557;0.0;0.393269174;0.0;0.500807754;0.499192246;61881.964458805;6824.135702746;289.994932011;6.286865555;-579480.835218094;-302775.861066236;3044.561867947;27.587230853;296.898494147;8.672642008;243.829503615;10.950644192;0.0;0.0;289.9072078014393;6.2929593627269975;3044.5533965845893;-152.41315565173025;289.9072078014393;6.2929593627269975;3044.5533965845893;-152.41315565173025;86.678179931;293.113289591;69.252672727;84.222427273;70.155327273;67.288981818;1.799810909;104365.727272727;725.006137635;724.453724964;0;0;0;0;0;0;0;0;0;0;0;0;0;0;0;0;0;0;0;0;0;0;0;0;0;0;0;0;0;0;0;0;0;0;0;0;0;0;0;0;0;0;0;0;0;0;0;0;0;0;0;0;0;0;0;0
2021-12-14 12:30:00;92.229508197;243557.180327869;317236.983606557;367165.5;404927.532786885;353590.286885246;197474.532786885;163326.139344262;2315.8950213746216;2374.648066992104;2483.752219;2413.997982683058;1884.046911953552;789.920072762294;604.5547293409217;214.616281667;1.0;27985.729790813;155.058253436;-27.011389878;999981.578772803;32216.286898839;2962.764510779;17159.658095803;3014.989892914;27.6556665;999972.031509121;-573410.615257048;-300556.948590381;326.5674150687115;-43.712252575;270.3619130085517;-40.104359433;0.0;0.0;22.195380321;2.259734107;0.0;0.389514299;0.0;0.492537313;0.507462687;67270.611940299;8717.290215589;302.673369843;8.404228911;-576092.747927032;-301182.014925373;3035.649894721;27.478980598;292.493106046;9.81946942;251.740750312;10.884471016;0.0;0.0;150.65183437680014;5.254415278784025;3014.7179779741004;-152.3384231436402;315.8723810970493;7.3835517332973275;3027.1331248112087;-152.39937478258517;89.048533869;293.671485118;69.4373;84.574636364;70.467318182;65.989;1.797540909;105972.0;744.495397397;743.176174383;0;0;0;0;0;0;0;0;0;0;0;0;0;0;0;0;0;0;0;0;0;0;0;0;0;0;0;0;0;0;0;0;0;0;0;0;0;0;0;0;0;0;0;0;0;0;0;0;0;0;0;0;0;0;0;0
2021-12-14 12:40:00;56.701639344;144530.540983607;188456.778688525;217655.295081967;241174.106557377;210816.139344262;116319.729508197;96123.639344262;1374.2873843831248;1410.6757671712232;1472.3655194644791;1437.7728348032783;1123.2986624726757;465.2918424471777;355.803431100181;208.793503333;0.0;27988.779480021;292.620839645;7.844847538;999982.876237624;62244.557755776;8582.372937294;17161.528152538;3009.356452856;27.625114113;999968.336633663;-572596.432343234;-299639.853135314;626.1135956922905;10.563574714;547.7734071826035;9.91856978;0.0;0.0;22.220724423;1.930320682;0.0;0.39042919;0.0;0.495049505;0.504950495;62244.557755776;8582.372937294;292.620839645;7.844847538;-572596.432343234;-299639.853135314;3009.356452856;27.625114113;286.018326972;10.563574714;267.624552727;9.91856978;0.0;0.0;292.5910394030475;7.850528105721789;3009.378053816672;-152.3769265461536;292.5910394030475;7.850528105721789;3009.378053816672;-152.3769265461536;87.313726019;286.743451636;69.680709091;84.429609091;70.518790909;65.188327273;1.794181818;107406.272727273;726.806054825;725.788948266;0;0;0;0;0;0;0;0;0;0;0;0;0;0;0;0;0;0;0;0;0;0;0;0;0;0;0;0;0;0;0;0;0;0;0;0;0;0;0;0;0;0;0;0;0;0;0;0;0;0;0;0;0;0;0;0
2021-12-14 12:50:00;91.186065574;125720.426229508;162772.975409836;188762.040983607;207351.68852459;181128.090163934;101368.672131148;83974.229508197;1195.4289698955656;1218.4220358585303;1276.9122865737734;1236.1386106775944;965.1108404234949;405.48595171038426;310.8321656029154;210.79259;0.0;27991.358024033;298.189010884;8.540872134;999981.21147541;63319.980327869;9500.914754098;17163.108017277;2998.561331372;27.68453738;999973.332786885;-570212.768852459;-299167.521311475;642.4921803696792;11.305005254;560.1893289182217;10.630136799;0.0;0.0;22.234236612;1.906386885;0.0;0.39113167;0.0;0.498360656;0.501639344;63319.980327869;9500.914754098;298.189010884;8.540872134;-570212.768852459;-299167.521311475;2998.561331372;27.68453738;293.500316534;11.305005254;273.690574658;10.630136799;0.0;0.0;298.1573365257342;8.53334761433521;2998.525360823545;-152.3158251426119;298.1573365257342;8.53334761433521;2998.525360823545;-152.3158251426119;88.625510824;284.932008464;70.331509091;85.251845455;71.198863636;67.383590909;1.792460909;109299.363636364;725.459065897;723.959024608;0;0;0;0;0;0;0;0;0;0;0;0;0;0;0;0;0;0;0;0;0;0;0;0;0;0;0;0;0;0;0;0;0;0;0;0;0;0;0;0;0;0;0;0;0;0;0;0;0;0;0;0;0;0;0;0
2021-12-14 13:00:00;87.972131148;89227.745901639;115536.803278689;134468.860655738;148818.606557377;130440.475409836;73456.770491803;60940.327868852;848.4335884653882;864.8400430904709;909.6370193825157;887.190390692167;695.0303331420762;293.83524383059995;225.57175213114584;213.868791667;0.0;27993.266162391;304.232156357;9.086291441;999981.458199357;64514.479099678;10326.670418006;17164.276927183;2990.362557695;27.65546547;999971.864951768;-568797.175241158;-298054.046623794;652.0438318787957;11.760515684;568.4413770086453;11.073958208;0.0;0.0;22.233230439;1.891867631;0.0;0.388141461;0.0;0.488745981;0.511254019;64514.479099678;10326.670418006;304.232156357;9.086291441;-568797.175241158;-298054.046623794;2990.362557695;27.65546547;297.863657952;11.760515684;277.72226121;11.073958208;0.0;0.0;304.2432199488711;9.094046974576486;2990.279557119319;-152.3451195731322;304.2432199488711;9.094046974576486;2990.279557119319;-152.3451195731322;90.994895125;285.836909209;70.774172727;85.578663636;71.571945455;64.849954545;1.79034;110196.545454545;754.15977376;752.85971951;0;0;0;0;0;0;0;0;0;0;0;0;0;0;0;0;0;0;0;0;0;0;0;0;0;0;0;0;0;0;0;0;0;0;0;0;0;0;0;0;0;0;0;0;0;0;0;0;0;0;0;0;0;0;0;0
2021-12-14 13:10:00;90.159836066;88444.459016393;115895.336065574;134020.221311475;149067.319672131;130814.737704918;72935.475409836;60368.401639344;840.9856035798377;867.5238070692183;906.6021237650247;888.6731077431687;697.0245274043714;291.75000558105614;223.4547566013955;218.132793333;0.0;28005.315599823;197.446101443;-4.328354785;1000217.869565217;38870.195652174;-982.483277592;17147.960170119;2071.33105908;10.998827675;999576.449832776;-359693.33277592;-168268.593645485;667.2980775557545;9.536131352;514.6380927535124;3.323093677;0.0;0.0;22.237000557;1.883936455;0.0;0.409070618;0.0;0.602006689;0.242474916;38870.195652174;-982.483277592;197.446101443;-4.328354785;-359693.33277592;-168268.593645485;2071.33105908;10.998827675;304.832032154;9.536131352;251.435698746;3.323093677;0.0;0.0;181.06126364311112;-1.4479001453020643;1849.1714797372954;-154.9292773398307;181.06126364311112;-1.4479001453020643;1849.1714797372954;-154.9292773398307;91.470392163;284.562194882;71.117636364;86.034072727;71.895463636;66.148027273;1.792974545;110236.090909091;774.732693986;769.103318228;0;0;0;0;0;0;0;0;0;0;0;0;0;0;0;0;0;0;0;0;0;0;0;0;0;0;0;0;0;0;0;0;0;0;0;0;0;0;0;0;0;0;0;0;0;0;0;0;0;0;0;0;0;0;0;0
2021-12-14 13:20:00;56.331147541;54794.778688525;71972.237704918;83239.959016393;92493.827868852;80937.155737705;44501.172131148;36801.221311475;521.0232561867069;538.7415212440798;563.0905760928931;551.4070933861539;431.26014482240475;178.0096330992732;136.22040218852305;215.948881667;0.0;27990.427084615;308.920334965;-7.874364632;999981.363333333;65730.038333333;-9078.695;17165.424644048;2983.23669531;26.841774847;999974.666666667;-571618.061666667;-289257.063333333;653.1724205280744;-6.488830058;569.9910479181576;-6.280062091;0.0;0.0;22.241118333;1.878981111;0.0;0.392873934;0.0;0.501666667;0.498333333;65730.038333333;-9078.695;308.920334965;-7.874364632;-571618.061666667;-289257.063333333;2983.23669531;26.841774847;298.379214617;-6.488830058;278.479380812;-6.280062091;0.0;0.0;308.98514765046514;-7.8639909432036434;2983.2024675012126;-153.1591273591855;308.98514765046514;-7.8639909432036434;2983.2024675012126;-153.1591273591855;97.115080411;290.135628218;71.679672727;86.732263636;72.484145455;66.777472727;1.793315455;112564.909090909;776.077018721;776.194667999;0;0;0;0;0;0;0;0;0;0;0;0;0;0;0;0;0;0;0;0;0;0;0;0;0;0;0;0;0;0;0;0;0;0;0;0;0;0;0;0;0;0;0;0;0;0;0;0;0;0;0;0;0;0;0;0
2021-12-14 13:30:00;96.47704918;98653.918032787;128111.37704918;148864.180327869;163044.491803279;141904.762295082;77764.098360656;64238.729508197;938.0635680856112;958.965850737095;1007.0165585245909;971.9987959125699;756.1158750956284;311.0650338979974;237.7808468806932;319.387553333;0.0;27991.740947842;539.068521761;-6.421970719;999986.632279534;115150.266222962;-12838.166389351;17166.230034338;2970.184553502;26.872143118;999973.806988353;-568963.830282862;-288301.936772047;1125.0336160983013;-5.640899621;957.4531278560173;-5.617482132;0.0;0.0;22.247150305;2.271369939;0.0;0.394702189;0.0;0.505823627;0.494176373;115150.266222962;-12838.166389351;539.068521761;-6.421970719;-568963.830282862;-288301.936772047;2970.184553502;26.872143118;513.932671128;-5.640899621;467.780950553;-5.617482132;0.0;0.0;539.5325044471604;-6.3616659113643665;2970.16658615764;-153.1280290619047;539.5325044471604;-6.3616659113643665;2970.16658615764;-153.1280290619047;162.440825045;294.569436327;72.929009091;88.203536364;73.638027273;70.398454545;1.796996364;177829.909090909;1067.516877205;1067.505468355;0;0;0;0;0;0;0;0;0;0;0;0;0;0;0;0;0;0;0;0;0;0;0;0;0;0;0;0;0;0;0;0;0;0;0;0;0;0;0;0;0;0;0;0;0;0;0;0;0;0;0;0;0;0;0;0
2021-12-14 13:40:00;92.702459016;92461.155737705;120442.786885246;139521.467213115;153710.221311475;134013.303278689;74791.729508197;61904.549180328;879.1788850373412;901.5633291196119;943.816218540985;916.3520238050976;714.0675509699479;299.1752282249555;229.14083517152446;413.656705;0.0;27992.839674195;674.759772252;-5.613310648;999976.55088853;144234.97092084;-14135.05815832;17166.902381903;2960.749428882;26.942958615;999958.305331179;-566778.339256866;-288095.817447496;1501.6291157710227;-4.789526563;1266.2404434941307;-5.066754456;0.0;0.0;22.25032364;2.556567582;0.0;0.394880518;0.0;0.508885299;0.491114701;144234.97092084;-14135.05815832;674.759772252;-5.613310648;-566778.339256866;-288095.817447496;2960.749428882;26.942958615;685.967291527;-4.789526563;618.644548807;-5.066754456;0.0;0.0;674.8639756891719;-5.597126026017132;2960.6570550183974;-153.055577470882;674.8639756891719;-5.597126026017132;2960.6570550183974;-153.055577470882;214.019697391;292.153453627;74.560509091;89.999309091;75.318409091;70.373336364;1.791442727;226335.090909091;1585.368788747;1587.734268516;0;0;0;0;0;0;0;0;0;0;0;0;0;0;0;0;0;0;0;0;0;0;0;0;0;0;0;0;0;0;0;0;0;0;0;0;0;0;0;0;0;0;0;0;0;0;0;0;0;0;0;0;0;0;0;0
2021-12-14 13:50:00;92.999180328;94194.040983607;123566.860655738;142609.401639344;157849.163934426;137708.229508197;76641.049180328;63410.270491803;895.656249031273;924.9482940625401;964.705065622949;941.0265601930769;733.7553495628429;306.57271239344306;234.71429048967713;441.793318333;0.0;27993.985106573;711.381030598;-5.56045657;999985.564784053;152063.377076412;-14758.92358804;17167.607203678;2954.409056125;26.857848012;999966.953488372;-566011.681063123;-286620.259136213;1589.9462139348632;-4.782417919;1338.21069392366;-5.033307852;0.0;0.0;22.253680509;2.631499446;0.0;0.38869424;0.0;0.495016611;0.504983389;152063.377076412;-14758.92358804;711.381030598;-5.56045657;-566011.681063123;-286620.259136213;2954.409056125;26.857848012;726.311901249;-4.782417919;653.806909426;-5.033307852;0.0;0.0;711.4276843729288;-5.54363345165939;2954.364526811522;-153.1429951060277;711.4276843729288;-5.54363345165939;2954.364526811522;-153.1429951060277;228.339076191;294.020870391;76.034;91.642718182;76.775836364;75.048718182;1.788461818;231292.727272727;1663.10369736;1666.761749749;0;0;0;0;0;0;0;0;0;0;0;0;0;0;0;0;0;0;0;0;0;0;0;0;0;0;0;0;0;0;0;0;0;0;0;0;0;0;0;0;0;0;0;0;0;0;0;0;0;0;0;0;0;0;0;0
2021-12-14 14:00:00;85.13442623;89428.385245902;117170.885245902;135237.352459016;150097.0;131625.303278689;73660.581967213;61001.049180328;850.3413936791167;877.071812352158;914.8356102677567;894.8116042222222;701.3434909699478;294.65051237795944;225.79651319004302;462.888508333;0.0;27995.185443874;754.889740184;-5.171847712;999984.861111111;161448.001633987;-14585.802287582;17168.34301292;2948.910582752;26.860301321;999979.549019608;-564942.194444444;-286111.111111111;1688.8836833438702;-4.490207949;1419.454463192483;-4.578633031;0.0;0.0;22.261261982;2.65595207;0.0;0.389073601;0.0;0.496732026;0.503267974;161448.001633987;-14585.802287582;754.889740184;-5.171847712;-564942.194444444;-286111.111111111;2948.910582752;26.860301321;771.508060013;-4.490207949;693.500014508;-4.578633031;0.0;0.0;754.8626978438588;-5.162295635727858;2948.85043060748;-153.14037783643315;754.8626978438588;-5.162295635727858;2948.85043060748;-153.14037783643315;245.059873727;299.3787751;77.867590909;93.8173;78.654372727;76.466490909;1.78552;231837.727272727;1784.54851001;1788.351960309;0;0;0;0;0;0;0;0;0;0;0;0;0;0;0;0;0;0;0;0;0;0;0;0;0;0;0;0;0;0;0;0;0;0;0;0;0;0;0;0;0;0;0;0;0;0;0;0;0;0;0;0;0;0;0;0
2021-12-14 14:10:00;64.572131148;67575.073770492;87228.540983607;101736.540983607;111086.049180328;96041.81147541;51278.614754098;42193.459016393;642.5463486785081;652.9411668160324;688.2137875737734;662.245653635702;511.7427854781429;205.1201566402535;156.17986990953082;336.916518333;1.0;27995.967690159;222.064234545;-37.700915932;999978.905315615;46235.23255814;-5864.169435216;17168.821634058;2941.413112658;26.974519843;999963.240863787;-562913.162790698;-286504.799003322;607.291265367958;12.919616984;520.8611864229902;10.977964347;0.0;0.0;22.265055371;2.802318383;0.0;0.388477894;0.0;0.493355482;0.506644518;109336.699335548;-9795.149501661;503.929121375;-5.376573107;-565847.910299003;-285748.257475083;2954.434054957;27.352668481;650.233834905;-4.028681531;559.021123064;-4.370540606;0.0;0.0;217.024399854833;-7.228420074391632;2941.255547815253;-153.0253612539866;511.1777300251558;-5.119292029389312;2951.8515614559833;-153.20662271224663;140.932103618;294.0289265;74.417618182;90.766909091;75.537290909;69.450327273;1.810852727;137254.927272727;1174.525804159;1156.373779771;0;0;0;0;0;0;0;0;0;0;0;0;0;0;0;0;0;0;0;0;0;0;0;0;0;0;0;0;0;0;0;0;0;0;0;0;0;0;0;0;0;0;0;0;0;0;0;0;0;0;0;0;0;0;0;0
2021-12-14 14:20:00;93.61147541;99490.147540984;128499.737704918;149122.368852459;163747.598360656;142716.204918033;79483.557377049;65746.983606557;946.0149647644239;961.8728884663019;1008.7631178306009;976.1904047158484;760.4395118715858;317.94306101457113;243.36367735640417;90.574081667;0.0;27996.765792425;85.227182232;-14.410621198;999972.02800659;17713.392092257;-4125.840197694;17169.31055247;2925.432540138;26.894776544;999981.375617792;-560308.352553542;-284165.685337727;216.76250490627422;-4.925745601;178.593863511968;-5.297973947;0.0;0.0;22.269928061;3.524523888;0.0;0.388163343;0.0;0.489291598;0.510708402;17713.392092257;-4125.840197694;85.227182232;-14.410621198;-560308.352553542;-284165.685337727;2925.432540138;26.894776544;99.020448414;-4.925745601;87.255244989;-5.297973947;0.0;0.0;84.69235920092605;-13.111674040705402;2925.5078620039117;-153.10772370779873;84.69235920092605;-13.111674040705402;2925.5078620039117;-153.10772370779873;30.961847524;257.114050482;49.122790909;63.184981818;52.300290909;42.997263636;1.787741818;71445.263636364;729.671524245;718.093805935;0;0;0;0;0;0;0;0;0;0;0;0;0;0;0;0;0;0;0;0;0;0;0;0;0;0;0;0;0;0;0;0;0;0;0;0;0;0;0;0;0;0;0;0;0;0;0;0;0;0;0;0;0;0;0;0
2021-12-14 14:30:00;90.072131148;173973.409836066;227624.43442623;262391.827868852;290908.483606557;255140.836065574;143329.606557377;118611.737704918;1654.2487195349158;1703.8616275610234;1774.993251590161;1734.2670866029123;1359.475421502733;573.3343517413475;439.0435436284152;29.547717863;0.0;27997.185387096;36.492764723;-27.114641979;999989.50247117;6979.741350906;-3470.273476112;17169.567452789;2914.949403064;26.933260769;999966.360790774;-558060.86490939;-283541.891268534;74.56771276890144;-7.585698399;60.66173590572414;-7.77160182;0.0;0.0;22.267131247;3.88543877;0.0;0.389849901;0.0;0.495881384;0.504118616;6979.741350906;-3470.273476112;36.492764723;-27.114641979;-558060.86490939;-283541.891268534;2914.949403064;26.933260769;34.063678858;-7.585698399;29.637382404;-7.77160182;0.0;0.0;36.29756922346281;-26.436210026524744;2914.8608757560364;-153.06559726587764;36.29756922346281;-26.436210026524744;2914.8608757560364;-153.06559726587764;12.213045561;198.362494382;43.533681818;52.651681818;45.4246;42.122127273;1.671368182;65438.527272727;83.556518823;82.02507408;0;0;0;0;0;0;0;0;0;0;0;0;0;0;0;0;0;0;0;0;0;0;0;0;0;0;0;0;0;0;0;0;0;0;0;0;0;0;0;0;0;0;0;0;0;0;0;0;0;0;0;0;0;0;0;0
2021-12-14 14:40:00;57.36147541;139816.360655738;182147.491803279;211040.885245902;232424.631147541;202925.172131148;111400.532786885;91854.442622951;1329.4619896381325;1363.4481843849444;1427.6212417267782;1385.6123510655736;1081.2529588388002;445.6145089845162;340.0009203770498;14.426173333;0.0;27997.060715419;29.240885292;-33.369645706;999985.698019802;5291.181518152;-3344.666666667;17169.489662333;2918.585691485;26.995448092;999969.518151815;-558444.095709571;-284509.166666667;50.66087392273746;-8.842105383;41.788001683064046;-9.171713149;0.0;0.0;22.267419142;3.707607811;0.0;0.392673063;0.0;0.501650165;0.498349835;5291.181518152;-3344.666666667;29.240885292;-33.369645706;-558444.095709571;-284509.166666667;2918.585691485;26.995448092;23.142666925;-8.842105383;20.416280004;-9.171713149;0.0;0.0;29.148833293739468;-32.29783804757715;2918.493897134671;-153.00263197416407;29.148833293739468;-32.29783804757715;2918.493897134671;-153.00263197416407;9.475883071;166.788054364;43.704036364;51.7256;45.154118182;41.023518182;1.64549;62217.272727273;68.013787362;65.978171011;0;0;0;0;0;0;0;0;0;0;0;0;0;0;0;0;0;0;0;0;0;0;0;0;0;0;0;0;0;0;0;0;0;0;0;0;0;0;0;0;0;0;0;0;0;0;0;0;0;0;0;0;0;0;0;0
2021-12-14 14:50:00;90.004098361;235123.270491803;306788.229508197;354635.909836066;392007.090163934;343519.049180328;193098.032786885;159942.786885246;2235.700096413779;2296.4348856660613;2398.993718071041;2336.972046183968;1830.3840003825137;772.4135864845163;592.0311875591989;32.854945;0.0;27996.212442516;49.780362309;-23.077856246;999991.806557377;9854.554098361;-4124.406557377;17168.969271193;2934.542870379;26.929288085;999956.081967213;-561847.945901639;-285403.657377049;94.79424593044176;-9.135564793;77.50561499554435;-9.356633953;0.0;0.0;22.257505464;3.04012623;0.0;0.394792669;0.0;0.506557377;0.493442623;9854.554098361;-4124.406557377;49.780362309;-23.077856246;-561847.945901639;-285403.657377049;2934.542870379;26.929288085;43.303470511;-9.135564793;37.866762561;-9.356633953;0.0;0.0;49.74582748124504;-22.710674002302916;2934.509951561138;-153.07065440149833;49.74582748124504;-22.710674002302916;2934.509951561138;-153.07065440149833;14.12694212;184.295968991;50.437909091;59.1161;51.267390909;48.893327273;1.676828182;59949.190909091;112.885967611;111.888098134;0;0;0;0;0;0;0;0;0;0;0;0;0;0;0;0;0;0;0;0;0;0;0;0;0;0;0;0;0;0;0;0;0;0;0;0;0;0;0;0;0;0;0;0;0;0;0;0;0;0;0;0;0;0;0;0
2021-12-14 15:00:00;55.986885246;150853.442622951;196646.245901639;227660.885245902;251280.147540984;219841.172131148;121903.598360656;100884.827868852;1434.4095142562248;1471.9772657109868;1540.0500017267782;1498.0205595737727;1171.3870455054669;487.6279382868862;373.4270585941088;48.342539232;0.0;27996.701047765;61.022047852;-20.439089599;999983.411671924;12278.370662461;-4559.739747634;17169.270723909;2933.064895497;26.886194368;999983.056782334;-561774.700315457;-284834.331230284;127.00226827093282;-9.406953863;103.78436762155418;-9.707116283;0.0;0.0;22.268703996;2.992488433;0.0;0.389700146;0.0;0.498422713;0.501577287;12278.370662461;-4559.739747634;61.022047852;-20.439089599;-561774.700315457;-284834.331230284;2933.064895497;26.886194368;58.016590827;-9.406953863;50.705719921;-9.707116283;0.0;0.0;60.99089485629147;-20.37316310623357;2933.00601693577;-153.11381050809305;60.99089485629147;-20.37316310623357;2933.00601693577;-153.11381050809305;18.860858022;195.178212536;53.432245455;61.909718182;53.800418182;54.718336364;1.672435455;70803.363636364;135.416089731;134.315470947;0;0;0;0;0;0;0;0;0;0;0;0;0;0;0;0;0;0;0;0;0;0;0;0;0;0;0;0;0;0;0;0;0;0;0;0;0;0;0;0;0;0;0;0;0;0;0;0;0;0;0;0;0;0;0;0
2021-12-14 15:10:00;90.142622951;135030.532786885;175055.418032787;202561.803278688;222814.155737705;195052.87704918;110105.983606557;91257.270491803;1283.9553249620496;1310.3611228494237;1370.2630785792314;1328.3189679945358;1039.3067465437139;440.4361684244064;337.79047667486236;50.284717863;1.0;27998.395591363;38.41636968;-47.074759503;999979.097682119;6794.374172185;-3629.150662252;17170.312964695;2920.801512652;26.917511824;999969.226821192;-559232.627483444;-283935.430463576;63.76171643603674;4.442038524;52.153869351007394;-9.868010513;0.0;0.0;22.300048013;3.196310706;0.0;0.393879865;0.0;0.506622517;0.493377483;12715.321192053;-4081.905629139;66.923799576;-19.936878906;-562304.206953642;-283071.301324503;2925.62934725;26.774973115;57.668971105;-9.836208407;52.376014774;-9.831377877;0.0;0.0;35.86929831712181;-28.1084821126498;2920.555651388817;-153.08203395011262;62.18650583663406;-17.797804772972192;2931.5047296968996;-153.2787177385283;19.311016599;188.941811827;53.997854545;62.835281818;54.376281818;54.1858;1.678397273;72466.409090909;142.273599487;140.549105953;0;0;0;0;0;0;0;0;0;0;0;0;0;0;0;0;0;0;0;0;0;0;0;0;0;0;0;0;0;0;0;0;0;0;0;0;0;0;0;0;0;0;0;0;0;0;0;0;0;0;0;0;0;0;0;0
2021-12-14 15:20:00;98.945901639;27794.024590164;36294.459016393;41833.93442623;45869.844262295;39193.008196721;21196.786885246;17548.680327869;264.28308574468787;271.67881236915264;282.9926217486372;273.45562489435287;208.83341200819498;84.7895027395268;64.95676520916872;47.346203333;0.0;27998.659621639;53.782986261;-21.970589588;999977.983443709;10714.049668874;-4206.329470199;17170.468785682;2932.68266018;26.946930229;999971.663907285;-561397.122516556;-285404.440397351;112.29111120686919;-8.925993132;94.49302796269951;-9.744982448;0.0;0.0;22.322598786;2.645520971;0.0;0.393368645;0.0;0.504966887;0.495033113;10714.049668874;-4206.329470199;53.782986261;-21.970589588;-561397.122516556;-285404.440397351;2932.68266018;26.946930229;51.296307862;-8.925993132;46.166268776;-9.744982448;0.0;0.0;53.59841681569663;-21.434942070408418;2932.640085336621;-153.05201564489866;53.59841681569663;-21.434942070408418;2932.640085336621;-153.05201564489866;17.286684604;199.3152454;54.4477;63.206463636;54.7983;55.271072727;1.677721818;61317.036363636;155.447746077;152.03042226;0;0;0;0;0;0;0;0;0;0;0;0;0;0;0;0;0;0;0;0;0;0;0;0;0;0;0;0;0;0;0;0;0;0;0;0;0;0;0;0;0;0;0;0;0;0;0;0;0;0;0;0;0;0;0;0
2021-12-14 15:30:00;100.0;10466.221311475;13672.172131148;15769.254098361;17088.147540984;13827.081967213;6578.213114754;5380.040983607;99.51942207255225;102.34177854584433;106.67374755737936;101.87194090710615;73.67530174863326;26.3135833715843;19.914321331209898;47.510210351;0.0;27998.437589856;60.920692002;-19.234353769;999983.853035144;12368.04313099;-4275.865814696;17170.334794431;2940.872547038;26.92779951;999979.830670926;-563066.146964856;-285997.044728434;120.25357487021417;-8.032976181;100.39345967088178;-8.76598892;0.0;0.0;22.330195421;2.218018104;0.0;0.392064964;0.0;0.503194888;0.496805112;12368.04313099;-4275.865814696;60.920692002;-19.234353769;-563066.146964856;-285997.044728434;2940.872547038;26.92779951;54.933683813;-8.032976181;49.049030838;-8.76598892;0.0;0.0;60.937881375459014;-19.07123309597928;2940.818948176072;-153.07271103418068;60.937881375459014;-19.07123309597928;2940.818948176072;-153.07271103418068;17.890726972;216.947937682;56.336736364;65.631745455;56.624781818;57.091172727;1.694903636;53530.327272727;145.028609243;142.910725944;0;0;0;0;0;0;0;0;0;0;0;0;0;0;0;0;0;0;0;0;0;0;0;0;0;0;0;0;0;0;0;0;0;0;0;0;0;0;0;0;0;0;0;0;0;0;0;0;0;0;0;0;0;0;0;0
2021-12-14 15:40:00;100.0;7412.327868852;9528.639344262;11017.172131148;11839.639344262;9258.901639344;4054.336065574;3252.885245902;70.48108039829556;71.32574753005241;74.52749707650582;70.58266770855924;49.334514234971266;16.21779474408106;12.040614976321917;55.005487479;0.0;27998.526283837;68.373265131;-17.782518359;999980.688851913;13979.635607321;-4477.34608985;17170.389680522;2940.009827421;26.907454945;999976.87687188;-563001.269550749;-285725.144758735;142.57284022952422;-7.957337949;118.45252652923892;-8.574947006;0.0;0.0;22.33448863;2.238253466;0.0;0.389419316;0.0;0.495840266;0.504159734;13979.635607321;-4477.34608985;68.373265131;-17.782518359;-563001.269550749;-285725.144758735;2940.009827421;26.907454945;65.129467743;-7.957337949;57.872112841;-8.574947006;0.0;0.0;68.35502289468658;-17.759031253758447;2939.9763804293825;-153.092044585159;68.35502289468658;-17.759031253758447;2939.9763804293825;-153.092044585159;20.38654677;212.676255391;55.336145455;64.359018182;55.374290909;58.610309091;1.705262727;64628.081818182;162.913316155;161.841571706;0;0;0;0;0;0;0;0;0;0;0;0;0;0;0;0;0;0;0;0;0;0;0;0;0;0;0;0;0;0;0;0;0;0;0;0;0;0;0;0;0;0;0;0;0;0;0;0;0;0;0;0;0;0;0;0
2021-12-14 15:50:00;100.0;14554.868852459;18908.885245902;21884.319672131;23685.032786885;18954.270491803;8576.254098361;6895.06557377;138.39685722586503;141.54070968549146;148.04012780874217;141.19963879416972;100.9946712704903;34.305969310566034;25.522212907709168;59.195270451;0.0;27998.178787231;84.628494364;-16.076830374;999980.131147541;17566.43442623;-4537.149180328;17170.1756422;2948.257118561;26.973311188;999989.436065574;-564247.157377049;-287180.147540984;166.6053330797823;-6.757490208;138.3993922695813;-7.37137907;0.0;0.0;22.324312022;1.87253224;0.0;0.392089566;0.0;0.503278689;0.496721311;17566.43442623;-4537.149180328;84.628494364;-16.076830374;-564247.157377049;-287180.147540984;2948.257118561;26.973311188;76.107880359;-6.757490208;67.61751295;-7.37137907;0.0;0.0;84.48452852045024;-14.482145631283242;2948.2181213404165;-153.02565257075213;84.48452852045024;-14.482145631283242;2948.2181213404165;-153.02565257075213;23.392211812;232.393097;58.534290909;69.209045455;58.928881818;57.737081818;1.734061818;53611.445454545;187.367955681;186.152541855;0;0;0;0;0;0;0;0;0;0;0;0;0;0;0;0;0;0;0;0;0;0;0;0;0;0;0;0;0;0;0;0;0;0;0;0;0;0;0;0;0;0;0;0;0;0;0;0;0;0;0;0;0;0;0;0
2021-12-14 16:00:00;94.17704918;18494.754098361;23971.93442623;27932.614754098;30290.319672131;24298.680327869;10907.860655738;8674.098360656;175.8597668123894;179.43969552398664;188.95482793988822;180.5774235209463;129.47146834699527;43.63265460746929;32.1073357134193;107.891919866;0.0;27998.12415862;157.813859641;-11.216128824;999985.887438826;33263.187601958;-6588.716150082;17170.143645204;2951.512760375;26.918058162;999988.64274062;-565150.443719413;-286940.747145188;345.60431273457795;-6.718803668;285.50431428488423;-7.128416067;0.0;0.0;22.320549755;1.651963567;0.0;0.388282869;0.0;0.492659054;0.507340946;33263.187601958;-6588.716150082;157.813859641;-11.216128824;-565150.443719413;-286940.747145188;2951.512760375;26.918058162;157.877369223;-6.718803668;139.488269073;-7.128416067;0.0;0.0;157.90318349326617;-11.204023798918708;2951.4625409878413;-153.0819772422902;157.90318349326617;-11.204023798918708;2951.4625409878413;-153.0819772422902;45.878591638;247.9408873;62.732563636;76.1394;63.822227273;59.3523;1.785965455;81349.754545455;287.781951377;287.201202701;0;0;0;0;0;0;0;0;0;0;0;0;0;0;0;0;0;0;0;0;0;0;0;0;0;0;0;0;0;0;0;0;0;0;0;0;0;0;0;0;0;0;0;0;0;0;0;0;0;0;0;0;0;0;0;0
2021-12-14 16:10:00;100.0;19446.114754098;25326.295081967;29386.983606557;31908.368852459;25643.360655738;11520.926229508;9133.172131148;184.9059029319941;189.57763680874152;198.7931484371559;190.22351360109278;136.6363733606573;46.08498502094639;33.806605776261556;121.763747913;1.0;27999.20060001;90.907804499;-40.766827138;999986.909090909;18182.766942149;-4799.143801653;17170.806221759;2942.738037076;26.953835616;999959.304132231;-563253.552066116;-286433.168595041;184.5855102068871;-16.853750835;146.3149096268424;-8.788845205;0.0;0.0;22.341950413;1.867028099;0.0;0.390437903;0.0;0.499173554;0.500826446;32527.821487603;-6193.246280992;167.666959569;-11.514427236;-565316.12231405;-287675.790082645;2953.200421463;26.894493575;168.144535651;-7.218478806;147.327757211;-7.446517905;0.0;0.0;87.56968138806303;-14.785417540825001;2942.5170421814382;-153.04514924672284;154.19053374096393;-10.779998680224056;2953.701248744962;-153.02955043908656;50.680778115;245.292664355;62.214563636;75.555418182;63.256981818;58.589609091;1.791071818;92082.181818182;450.765620971;448.318778808;0;0;0;0;0;0;0;0;0;0;0;0;0;0;0;0;0;0;0;0;0;0;0;0;0;0;0;0;0;0;0;0;0;0;0;0;0;0;0;0;0;0;0;0;0;0;0;0;0;0;0;0;0;0;0;0
2021-12-14 16:20:00;100.0;16176.614754098;20897.540983607;24246.786885246;26307.418032787;21103.836065574;9432.795081967;7514.385245902;153.81743835792003;156.42660807529165;164.0214310163941;156.83313412568373;112.44827316940012;37.73222841621044;27.814636142988583;108.8316;0.0;27999.366010526;147.945952857;-11.317743116;999986.59234609;31192.296173045;-6075.176372712;17170.905908356;2949.95092529;26.919373696;999946.705490849;-564849.557404326;-286802.384359401;326.501017045345;-6.816411048;269.71965172827345;-6.821203998;0.0;0.0;22.358151414;1.482453134;0.0;0.393638752;0.0;0.505823627;0.494176373;31192.296173045;-6075.176372712;147.945952857;-11.317743116;-564849.557404326;-286802.384359401;2949.95092529;26.919373696;149.150689735;-6.816411048;131.776388209;-6.821203998;0.0;0.0;147.9797359751949;-11.02125274411939;2949.921548367979;-153.0808155802308;147.9797359751949;-11.02125274411939;2949.921548367979;-153.0808155802308;44.875070947;248.354658491;63.581927273;77.277436364;64.614036364;59.559445455;1.796077273;76025.963636364;404.350147905;403.356060427;0;0;0;0;0;0;0;0;0;0;0;0;0;0;0;0;0;0;0;0;0;0;0;0;0;0;0;0;0;0;0;0;0;0;0;0;0;0;0;0;0;0;0;0;0;0;0;0;0;0;0;0;0;0;0;0
2021-12-14 16:30:00;100.0;17993.950819672;23202.106557377;27155.450819672;29689.918032787;24224.155737705;11159.393442623;8894.31147541;171.0978139180315;173.67722029204572;183.69757297814118;176.99809579235037;129.07437648907145;44.63881370309673;32.92245863570188;197.277806344;0.0;27999.520836896;299.072580775;-6.553235416;999980.825732899;63852.454397394;-7235.628664495;17170.998566842;2950.119261445;26.94664005;999967.408794788;-564731.938110749;-287110.400651466;647.8681608441829;-4.193356364;529.6592938506133;-4.412205524;0.0;0.0;22.36609392;1.401583062;0.0;0.394138181;0.0;0.508143322;0.491856678;63852.454397394;-7235.628664495;299.072580775;-6.553235416;-564731.938110749;-287110.400651466;2950.119261445;26.94664005;295.956147156;-4.193356364;258.774576779;-4.412205524;0.0;0.0;299.23911193053345;-6.465061369653286;2950.082943354027;-153.05116119456702;299.23911193053345;-6.465061369653286;2950.082943354027;-153.05116119456702;83.54065203;287.536648991;73.279409091;89.7938;74.712563636;70.081781818;1.808816364;87995.545454545;510.707551687;510.733491637;0;0;0;0;0;0;0;0;0;0;0;0;0;0;0;0;0;0;0;0;0;0;0;0;0;0;0;0;0;0;0;0;0;0;0;0;0;0;0;0;0;0;0;0;0;0;0;0;0;0;0;0;0;0;0;0
2021-12-14 16:40:00;100.0;20485.483606557;26805.704918033;30987.540983607;33913.803278689;27857.721311475;13019.040983607;10387.540983607;194.7888763985999;200.65162215422137;209.62038557377346;202.1790223460866;148.4352250546426;52.077610494537275;38.44967531269137;250.117114187;0.0;27999.237430797;366.10734167;-5.776632898;999984.849025974;78251.155844156;-7890.675324675;17170.825129989;2951.66988837;26.992683678;999952.964285714;-564820.883116883;-287673.547077922;833.7063772019212;-3.804848192;682.9263738732415;-4.048846014;0.0;0.0;22.355727814;1.424854437;0.0;0.394471536;0.0;0.506493506;0.493506494;78251.155844156;-7890.675324675;366.10734167;-5.776632898;-564820.883116883;-287673.547077922;2951.66988837;26.992683678;380.849904608;-3.804848192;333.655966056;-4.048846014;0.0;0.0;366.233237257681;-5.75811698549683;2951.641370715312;-153.00942856451738;366.233237257681;-5.75811698549683;2951.641370715312;-153.00942856451738;106.211831364;288.624604064;74.759863636;91.570336364;76.223472727;68.824872727;1.808121818;107389.727272727;880.151393978;879.038380589;0;0;0;0;0;0;0;0;0;0;0;0;0;0;0;0;0;0;0;0;0;0;0;0;0;0;0;0;0;0;0;0;0;0;0;0;0;0;0;0;0;0;0;0;0;0;0;0;0;0;0;0;0;0;0;0
2021-12-14 16:50:00;100.0;24499.409836066;31988.983606557;36884.18852459;40520.713114754;33984.770491803;16828.918032787;13638.696721311;232.9558142756567;239.45057484395585;249.5092406393431;241.5664823843345;181.08218543715697;67.31754201092942;50.48388848239046;0;0.0;27998.799122409;428.489158439;-5.573783901;999971.219110379;91633.345963756;-8922.588138386;17170.5562606;2953.530113008;26.920203045;999967.103789127;-565536.406919275;-287156.71169687;976.059637329734;-3.957847365;799.6522654762832;-4.026061348;0.0;0.0;22.337962658;1.46660626;0.0;0.391204332;0.0;0.49752883;0.50247117;91633.345963756;-8922.588138386;428.489158439;-5.573783901;-565536.406919275;-287156.71169687;2953.530113008;26.920203045;445.879064781;-3.957847365;390.684500341;-4.026061348;0.0;0.0;428.71911753852726;-5.561513054420161;2953.5203763072745;-153.08036617491678;428.71911753852726;-5.561513054420161;2953.5203763072745;-153.08036617491678;125.828328009;294.109975391;75.296381818;92.192645455;76.633854545;69.255954545;1.811738182;123094.181818182;1027.552044807;1025.500956936;0;0;0;0;0;0;0;0;0;0;0;0;0;0;0;0;0;0;0;0;0;0;0;0;0;0;0;0;0;0;0;0;0;0;0;0;0;0;0;0;0;0;0;0;0;0;0;0;0;0;0;0;0;0;0;0
2021-12-14 17:00:00;60.655737705;33282.221311475;43099.245901639;50286.032786885;54380.795081967;45131.770491803;21175.868852459;17035.254098361;316.4683157021818;322.6154145258019;340.16824979234804;324.1941310364286;240.4771171038236;84.70582828415293;63.05630851275173;0;0.0;27998.344474394;435.33502895;-5.619457087;999983.651888342;93054.801313629;-9127.400656814;17170.276668916;2956.410322161;26.943850288;999980.899835796;-565936.566502463;-287666.612479475;1011.1511111545718;-3.827268633;828.3165083922119;-4.275704281;0.0;0.0;22.323484948;1.424866448;0.0;0.388373345;0.0;0.492610837;0.507389163;93054.801313629;-9127.400656814;435.33502895;-5.619457087;-565936.566502463;-287666.612479475;2956.410322161;26.943850288;461.909390114;-3.827268633;404.688931898;-4.275704281;0.0;0.0;435.39966572141685;-5.602011068148967;2956.257117958762;-153.05568433997374;435.39966572141685;-5.602011068148967;2956.257117958762;-153.05568433997374;128.840508027;294.396028027;75.319663636;92.281072727;76.673363636;69.7391;1.813040909;125744.909090909;1152.3882974;1150.861465589;0;0;0;0;0;0;0;0;0;0;0;0;0;0;0;0;0;0;0;0;0;0;0;0;0;0;0;0;0;0;0;0;0;0;0;0;0;0;0;0;0;0;0;0;0;0;0;0;0;0;0;0;0;0;0;0
2021-12-14 17:10:00;100.0;58211.508196721;74839.221311475;87394.12295082;94355.844262295;78502.62295082;37505.147540984;30162.81147541;553.5116716247692;560.2020615695171;591.1921103879804;562.5076075610194;418.28814262295253;150.02475740255161;111.64820524681299;0;1.0;27998.037819882;315.380054559;-20.330238299;999979.93843594;66787.860232945;-7405.291181364;17170.091332647;2954.4563631;26.925582735;999974.034941764;-565651.221297837;-287295.500831947;773.8781961386954;-8.095725079;673.8985848164261;-3.697205438;0.0;0.0;22.313942873;1.564002773;0.0;0.390931965;0.0;0.499168053;0.500831947;87641.767054908;-8576.75374376;409.084571462;-5.559872739;-566602.97171381;-288249.968386023;2958.095174263;27.059891938;441.294832356;-3.946592055;387.304925702;-4.276695374;0.0;0.0;312.9111013840389;-6.326986833047316;2954.2897086554553;-153.07388464208108;410.06335060013765;-5.589253066397617;2960.254518846287;-153.03603024914455;122.995079345;295.232224918;75.126118182;92.030736364;76.3574;70.669436364;1.817741818;120386.181818182;1121.14725887;1121.095069532;0;0;0;0;0;0;0;0;0;0;0;0;0;0;0;0;0;0;0;0;0;0;0;0;0;0;0;0;0;0;0;0;0;0;0;0;0;0;0;0;0;0;0;0;0;0;0;0;0;0;0;0;0;0;0;0
2021-12-14 17:20:00;100.0;48501.229508197;62371.43442623;72589.836065574;78799.639344262;66282.12295082;33097.885245902;26866.286885246;461.1802279751088;466.87559726472733;491.04604437158616;469.7684277085592;353.17324512295255;132.39521852641306;99.44605842956926;0;1.0;27997.41918165;324.20195537;-22.051405958;999984.960784314;68860.080065359;-7546.333333333;17169.708590874;2958.719310453;26.92556448;999961.539215686;-566465.869281046;-287678.741830065;647.0847713806954;-12.173382839;515.0517272567586;3.101732179;0.0;0.0;22.300462418;1.446852941;0.0;0.392745911;0.0;0.501633987;0.498366013;87890.810457516;-8661.629084967;410.326156242;-5.607497383;-566834.591503268;-288416.612745098;2959.106816802;27.0833635;429.941506205;-3.886652469;373.880495051;-4.475463342;0.0;0.0;322.5744931924696;-6.2540518097528235;2958.480105459903;-153.07633868204258;411.2561254007308;-5.628318425468848;2961.5677017672415;-153.03211089968082;124.486940655;296.326299545;74.947127273;92.118472727;76.377709091;70.398454545;1.818232727;120672.909090909;1056.771854915;1066.705407496;0;0;0;0;0;0;0;0;0;0;0;0;0;0;0;0;0;0;0;0;0;0;0;0;0;0;0;0;0;0;0;0;0;0;0;0;0;0;0;0;0;0;0;0;0;0;0;0;0;0;0;0;0;0;0;0
2021-12-14 17:30:00;99.925409836;95683.024590164;124322.237704918;143838.786885246;157975.262295082;136807.590163934;74194.360655738;61269.762295082;909.8144426706137;930.6025990218576;973.021447016394;941.7783025755922;728.9564429234947;296.7856864408025;226.7911597604737;0;0.0;27997.074444097;429.668427241;-5.76585734;999983.412751678;91801.775167785;-9246.187919463;17169.497471268;2961.544544002;26.928999833;999972.283557047;-567024.57885906;-287993.862416107;992.0805605551444;-3.83669509;811.2076671342784;-4.343982601;0.0;0.0;22.28517226;1.38310179;0.0;0.389774658;0.0;0.496644295;0.503355705;91801.775167785;-9246.187919463;429.668427241;-5.76585734;-567024.57885906;-287993.862416107;2961.544544002;26.928999833;453.197669087;-3.83669509;396.330099707;-4.343982601;0.0;0.0;429.648132451111;-5.75138105857986;2961.464247097234;-153.07381795166532;429.648132451111;-5.75138105857986;2961.464247097234;-153.07381795166532;127.600819055;298.244399664;75.040318182;92.303309091;76.482372727;71.379581818;1.819344545;122018.181818182;1080.819119651;1088.350325232;0;0;0;0;0;0;0;0;0;0;0;0;0;0;0;0;0;0;0;0;0;0;0;0;0;0;0;0;0;0;0;0;0;0;0;0;0;0;0;0;0;0;0;0;0;0;0;0;0;0;0;0;0;0;0;0
2021-12-14 17:40:00;98.762295082;121282.344262295;158320.090163934;182678.68852459;201745.073770492;175721.336065574;95401.918032787;78882.991803279;1153.228892203399;1185.0903756545201;1235.7604349726764;1202.7144653424416;936.3018523360668;381.61827234426266;291.9868549559817;0;0.0;27996.701808144;423.910631128;-6.074350347;999976.21192053;90514.355960265;-9629.445364238;17169.268260447;2963.253586303;26.92511613;999983.822847682;-567348.069536424;-288167.203642384;978.6599445558684;-4.369274695;803.4256053252415;-4.527803799;0.0;0.0;22.275288079;1.373764901;0.0;0.394255195;0.0;0.504966887;0.495033113;90514.355960265;-9629.445364238;423.910631128;-6.074350347;-567348.069536424;-288167.203642384;2963.253586303;26.92511613;447.066925143;-4.369274695;392.528033408;-4.527803799;0.0;0.0;423.8688064916291;-6.072618244590327;2963.172840066904;-153.07309230080776;423.8688064916291;-6.072618244590327;2963.172840066904;-153.07309230080776;123.124860064;296.532741245;75.428236364;92.345363636;76.712418182;71.964036364;1.813473636;119097.363636364;584.43350798;573.568651993;0;0;0;0;0;0;0;0;0;0;0;0;0;0;0;0;0;0;0;0;0;0;0;0;0;0;0;0;0;0;0;0;0;0;0;0;0;0;0;0;0;0;0;0;0;0;0;0;0;0;0;0;0;0;0;0
2021-12-14 17:50:00;59.689344262;88922.336065574;115426.68852459;133836.532786885;146711.467213115;127115.483606557;68174.655737705;56288.745901639;845.5295594490003;864.0157892944735;905.3595321256814;874.6285624280523;677.3136684836044;272.7061979125686;208.35383533910007;0;0.0;28011.407273567;125.581387345;-36.073442773;999983.322330097;25750.031067961;-4425.932038835;17178.339130845;2752.268746684;26.819169116;999977.196116505;-526501.829126214;-264506.93592233;383.3581032242939;0.411492466;324.52344178532513;4.0990748;0.0;0.0;22.368984466;14.362012298;0.0;0.400343904;0.0;0.52038835;0.473786408;25750.031067961;-4425.932038835;125.581387345;-36.073442773;-526501.829126214;-264506.93592233;2752.268746684;26.819169116;175.123881784;0.411492466;158.551765782;4.0990748;0.0;0.0;121.66625151722542;-9.752739290332586;2743.7215713691016;-153.32570547266045;121.66625151722542;-9.752739290332586;2743.7215713691016;-153.32570547266045;110.6148591;287.059804;72.899;89.2926;74.3588;61.5265;1.80457;119235.0;13.687078753;1.142397762;0;0;0;0;0;0;0;0;0;0;0;0;0;0;0;0;0;0;0;0;0;0;0;0;0;0;0;0;0;0;0;0;0;0;0;0;0;0;0;0;0;0;0;0;0;0;0;0;0;0;0;0;0;0;0;0
2021-12-14 18:00:00;94.679508197;141786.93442623;183026.06557377;212097.196721311;232695.286885246;202800.934426229;112297.12295082;93031.270491803;1348.1994457796038;1370.0246669945316;1434.7668367540948;1387.225880282332;1080.5909789344234;449.2009692613856;344.35697052671424;0;0;0;0;0;0;0;0;0;0;0;0;0;0;0;0;0;0;0;0;0;0;0;0;0;0;0;0;0;0;0;0;0;0;0;0;0;0;0;0;0;0;0;0;0;0;0;0;0;0;0;0;0;0;0;0;0;0;0;0;0;0;0;0;0;0;0;0;0;0;0;0;0;0;0;0;0;0;0;0;0;0;0;0;0;0;0;0;0;0;0;0;0;0;0;0;0;0;0;0;0;0;0;0;0;0;0;0;0;0;0;0;0;0;0
2021-12-14 18:10:00;92.759016393;137271.704918033;177625.959016393;205089.180327869;226990.918032787;198370.598360656;110170.5;91260.819672131;1305.2658006933837;1329.6026693691524;1387.3599418579245;1353.218968459017;1056.9846715983617;440.69424116666653;337.80361403157195;0;0;0;0;0;0;0;0;0;0;0;0;0;0;0;0;0;0;0;0;0;0;0;0;0;0;0;0;0;0;0;0;0;0;0;0;0;0;0;0;0;0;0;0;0;0;0;0;0;0;0;0;0;0;0;0;0;0;0;0;0;0;0;0;0;0;0;0;0;0;0;0;0;0;0;0;0;0;0;0;0;0;0;0;0;0;0;0;0;0;0;0;0;0;0;0;0;0;0;0;0;0;0;0;0;0;0;0;0;0;0;0;0;0;0
2021-12-14 18:20:00;57.190983607;85797.254098361;110819.491803279;128159.598360656;141545.221311475;123280.901639344;67517.721311475;55839.524590164;815.8143124605374;829.5290448293889;866.9569630437173;843.8297004717645;656.8817375683045;270.07838721493454;206.69103433576223;0;0;0;0;0;0;0;0;0;0;0;0;0;0;0;0;0;0;0;0;0;0;0;0;0;0;0;0;0;0;0;0;0;0;0;0;0;0;0;0;0;0;0;0;0;0;0;0;0;0;0;0;0;0;0;0;0;0;0;0;0;0;0;0;0;0;0;0;0;0;0;0;0;0;0;0;0;0;0;0;0;0;0;0;0;0;0;0;0;0;0;0;0;0;0;0;0;0;0;0;0;0;0;0;0;0;0;0;0;0;0;0;0;0;0
2021-12-14 18:30:00;94.71147541;139986.93442623;179890.172131148;208961.016393443;228847.081967213;199077.680327869;110080.631147541;91210.524590164;1331.0839124462702;1346.5512269902886;1413.5516222295103;1364.284592874316;1060.7522400136615;440.33475577140257;337.6174458542807;0;0;0;0;0;0;0;0;0;0;0;0;0;0;0;0;0;0;0;0;0;0;0;0;0;0;0;0;0;0;0;0;0;0;0;0;0;0;0;0;0;0;0;0;0;0;0;0;0;0;0;0;0;0;0;0;0;0;0;0;0;0;0;0;0;0;0;0;0;0;0;0;0;0;0;0;0;0;0;0;0;0;0;0;0;0;0;0;0;0;0;0;0;0;0;0;0;0;0;0;0;0;0;0;0;0;0;0;0;0;0;0;0;0;0
2021-12-14 18:40:00;93.580327869;137796.868852459;178886.319672131;207104.418032787;228763.286885246;199193.672131148;110649.213114754;91507.0;1310.2593900406796;1339.0369823576186;1400.992353185793;1363.7850438378875;1061.3702830054667;442.60914681602867;338.714855074074;0;0;0;0;0;0;0;0;0;0;0;0;0;0;0;0;0;0;0;0;0;0;0;0;0;0;0;0;0;0;0;0;0;0;0;0;0;0;0;0;0;0;0;0;0;0;0;0;0;0;0;0;0;0;0;0;0;0;0;0;0;0;0;0;0;0;0;0;0;0;0;0;0;0;0;0;0;0;0;0;0;0;0;0;0;0;0;0;0;0;0;0;0;0;0;0;0;0;0;0;0;0;0;0;0;0;0;0;0;0;0;0;0;0;0
2021-12-14 18:50:00;53.643636364;53380.618181818;77565.281818182;89136.163636364;99822.590909091;85325.627272727;44808.190909091;36130.218181818;507.5765276915806;580.6077350794625;602.976434945457;595.0979214040409;454.6433839848468;179.23774232424276;133.7366716781138;0;0;0;0;0;0;0;0;0;0;0;0;0;0;0;0;0;0;0;0;0;0;0;0;0;0;0;0;0;0;0;0;0;0;0;0;0;0;0;0;0;0;0;0;0;0;0;0;0;0;0;0;0;0;0;0;0;0;0;0;0;0;0;0;0;0;0;0;0;0;0;0;0;0;0;0;0;0;0;0;0;0;0;0;0;0;0;0;0;0;0;0;0;0;0;0;0;0;0;0;0;0;0;0;0;0;0;0;0;0;0;0;0;0;0
