end;ComPAS_V6_SaveIndex;ComPAS_V6_FPGAIndex;ComPAS_V6_BKG_Meas_Active;ComPAS_V6_Frequency_1_Hz;ComPAS_V6_Amplitude_1_uPa;ComPAS_V6_Phase_1_deg;ComPAS_V6_X1;ComPAS_V6_Y1;ComPAS_V6_Frequency_2_Hz;ComPAS_V6_Amplitude_2_uPa;ComPAS_V6_Phase_2_deg;ComPAS_V6_X2;ComPAS_V6_Y2;ComPAS_V6_X_Blue_a_u;ComPAS_V6_Y_Blue_a_u;ComPAS_V6_X_Green_a_u;ComPAS_V6_Y_Green_a_u;ComPAS_V6_X_Red_a_u;ComPAS_V6_Y_Red_a_u;ComPAS_V6_X_BKG_Blue_a_u;ComPAS_V6_Y_BKG_Blue_a_u;ComPAS_V6_X_BKG_Green_a_u;ComPAS_V6_Y_BKG_Green_a_u;ComPAS_V6_X_BKG_Red_a_u;ComPAS_V6_Y_BKG_Red_a_u;ComPAS_V6_T_Mean_C;ComPAS_V6_R_H_Mean_percent;ComPAS_V6_Pressure_Mean_bar;ComPAS_V6_PD1_Mean_V;ComPAS_V6_PD2_Mean_V;ComPAS_V6_Laser_Red_On_per_Off;ComPAS_V6_Laser_Green_On_per_Off;ComPAS_V6_Laser_Blue_On_per_Off;ComPAS_V6_Speaker_On_per_Off;ComPAS_V6_Valve_Position;ComPAS_V6_Laser_Power_On_per_Off;ComPAS_V6_Flow_lpm;ComPAS_V6_Laser_Power_0_5V;ComPAS_V6_Modulation_Power_0_5V;ComPAS_V6_Duty_Cycle_On_Time;ComPAS_V6_Laser_Current_Blue_mA;ComPAS_V6_Laser_Current_Green_mA;ComPAS_V6_Laser_Current_Red_mA;ComPAS_V6_Laser_Voltage_Blue_V;ComPAS_V6_Laser_Voltage_Green_V;ComPAS_V6_Laser_Voltage_Red_V;ComPAS_V6_X1_BKG;ComPAS_V6_Y1_BKG;ComPAS_V6_X1_Subtracted;ComPAS_V6_Y1_Subtracted;ComPAS_V6_R1_BKG_uPa;ComPAS_V6_Theta1_BKG_deg;ComPAS_V6_R1_uPa;ComPAS_V6_Theta1_deg;ComPAS_V6_R2_uPa;ComPAS_V6_Theta2_deg;ComPAS_V6_R1_BKG_Subtracted_1_per_Mm;ComPAS_V6_Theta1_BKG_Subtracted_deg;ComPAS_V6_R1_Green_1_per_Mm;ComPAS_V6_Theta1_Green_deg;ComPAS_V6_R1_BKG_Green_1_per_Mm;ComPAS_V6_Theta1_BKG_Green_deg
2022-09-06 10:39:00;68.0;4284.0;0;25002.999973;8.446531897;162.384406907;-548.0;174.0;25002.999973;5.694812911;5.101333927;-1221.0;-109.0;0.0;0.0;0.0;0.0;0.0;0.0;0.0;0.0;0.0;0.0;0.0;0.0;23.335662;49.716666667;0.0;0.0;0.0;0.0;0.0;0.0;0.0;0.0;0.0;1.3;100.0;100.0;50.0;0.0;0.0261;0.0;0.0;-0.011318182;0.0;5598.233333333;-1720.033333333;-6146.233333333;1894.033333333;86.03579292248648;-17.079352381496665;8.446531896835912;162.3844069071309;18.008579650498465;-174.89866607306527;31.402789374196722;162.87270928893167;0.0;0.0;0.0;0.0
2022-09-06 10:42:00;157.5;4373.5;0;24946.538848378;237.008798925;-0.23372741;3880.894444444;1535.666666667;19299.872182578;29255.405570577;67.002149284;3048817.377777778;-3300564.194444444;0.0;0.0;0.0;0.0;0.0;0.0;0.0;0.0;0.0;0.0;0.0;0.0;23.472206781;49.778596296;0.0;0.0;0.0;0.0;0.733333333;0.0;0.733333333;0.0;0.733333333;1.3;100.0;100.0;50.0;0.0;546.604317929;0.0;0.0;4.373717727;0.0;5598.233333333;-1720.033333333;-1717.338888889;3255.7;86.03579292248648;-17.079352381496665;61.31396475854995;21.58866386871071;66008.1658728749;-47.27053275149389;17.972575847107766;117.81105676896857;0.0;0.0;0.0;0.0
2022-09-06 10:45:00;337.0;4553.0;0;25174.336955785;80.961213824;10.291414073;4029.392265193;-257.359116022;17474.336974646;15968.993974811;-13.840026041;866632.375690608;2531389.878453038;0.0;0.0;0.0;0.0;0.0;0.0;0.0;0.0;0.0;0.0;0.0;0.0;23.68828021;49.859688766;0.0;0.0;0.0;0.0;0.408839779;0.0;0.408839779;0.0;0.408839779;1.3;100.0;100.0;50.0;0.0;316.051228026;0.0;0.0;6.017733702;0.0;5598.233333333;-1720.033333333;-1568.84106814;1462.674217311;86.03579292248648;-17.079352381496665;59.314889174322296;-3.654543391997065;39306.63873661471;71.10113647610841;10.47297988314861;137.00573867782956;0.0;0.0;0.0;0.0
2022-09-06 10:48:00;516.0;4732.0;1;25186.232612028;15.204508967;24.777680485;454.094972067;-64.804469274;17478.757499464;76.121485277;37.01073065;881.446927374;-15323.815642458;0.0;0.0;1.324022346;1.888268156;0.0;0.0;0.0;0.0;337.927374302;-49.491620112;0.0;0.0;23.724496916;49.843484171;0.0;0.0;0.0;0.0;0.072625698;0.061452514;0.072625698;0.072625698;0.072625698;1.3;100.0;100.0;50.0;0.0;60.564417725;0.0;0.0;6.017966074;0.0;5598.233333333;-1720.033333333;-5144.138361266;1655.22886406;86.03579292248648;-17.079352381496665;0;0;225.48847431197825;-86.7078957233687;8.60836420720953;145.77310778637522;0.011260499935354343;54.96249794737594;341.5323275532706;-8.332096437266728
2022-09-06 10:51:00;661.110785463;4877.110785463;1;24945.388537572;86.498602437;-16.428231219;5654.160609613;-1630.447245018;17143.136362808;984.407003794;91.518777828;5616.693434936;-211825.719812427;0.0;0.0;-19.582158531;5.474124427;0.0;0.0;0.0;0.0;5879.371405041;-1688.03583177;0.0;0.0;23.759248182;49.829382571;0.0;0.0;0.0;0.0;1.0;1.0;1.0;1.0;1.0;1.3;100.0;100.0;50.0;0.0;748.225022925;0.0;0.0;6.016695758;0.0;5598.340875342;-1720.517956233;55.819734271;90.070711215;86.03939428315195;-17.083575304182727;0;0;3112.945000514608;-88.48112192990642;6.74374853127045;154.5404768949209;0.09927930889941511;164.38184951171985;6116.9006112371335;-16.019387387226
2022-09-06 10:54:00;918.692982456;5134.692982456;1;24945.623786421;86.413711699;-17.256237566;5618.548245614;-1738.377192982;17143.345236904;986.256786366;91.0836415;4015.399122807;-212260.290935673;0.0;0.0;65.688785221;-21.876771132;0.0;0.0;0.0;0.0;5463.645877193;-1778.745371345;0.0;0.0;23.809727374;49.801160331;0.0;0.0;0.0;0.0;1.0;1.0;1.0;0.979532164;1.0;1.3;100.0;100.0;50.0;0.0;742.167002818;0.0;0.0;6.014509463;0.0;5510.165448343;-1786.293664717;108.382797271;47.916471735;85.09505392642559;-17.961734704341023;0;0;3118.793278346542;-88.9162457871451;4.879132855331369;163.30784600346655;0.3380575767946937;-18.4196471838054;5745.8995263970055;-18.033184958935408
2022-09-06 10:57:00;1033.065597668;5249.065597668;0;24945.681974897;76.002586568;-19.311465537;4882.841107872;-1706.34548105;17143.382907357;986.949748846;90.941937349;3494.008746356;-212417.190962099;0.0;0.0;99.869607474;-29.53106679;0.0;0.0;0.0;0.0;5442.727;-1793.545;0.0;0.0;23.79127356;49.801711856;0.0;0.0;0.0;0.0;1.0;1.0;1.0;0.0;1.0;1.3;100.0;100.0;50.0;0.0;741.8226586;0.0;0.0;6.014113319;0.0;5494.333333333;-1791.466666667;-611.492225462;85.121185617;84.89736333494685;-18.05892826413393;75.98580849470855;-19.26235106501259;3120.9624555060614;-89.05763793449951;3.0145171793922882;172.07521511201222;0.5085042547618442;-16.472749926857343;5730.626568147151;-18.238632223753616
2022-09-06 11:00:00;1301.0;5517.0;0;24949.659928;1003.880869;32.460967528;57658.0;36677.0;17146.11999;992.744969337;91.341514158;5003.0;-213638.0;0.0;0.0;53171.182091;37927.454091;0.0;0.0;0.0;0.0;5442.727;-1793.545;0.0;0.0;23.810566;49.723333333;0.0;0.0;0.0;0.0;1.0;1.0;1.0;0.0;1.0;1.3;100.0;100.0;50.0;0.0;742.000218182;0.0;0.0;6.013681818;0.0;5494.333333333;-1791.466666667;52163.666666667;38468.466666667;84.89736333494685;-18.05892826413393;1003.8808694657295;32.460967527643746;3139.335239486255;-88.65848584247527;316.4674282032144;36.40718270532174;318.8987269192438;35.50058456190642;5730.626568147151;-18.238632223753616
2022-09-06 11:03:00;1388.0;5604.0;0;24949.698361309;1032.016401994;31.625318815;59815.171428571;36830.76;17146.147212234;992.436466075;91.040645138;3880.4;-213590.44;0.0;0.0;54331.710922086;38564.799545503;0.0;0.0;0.0;0.0;5442.727;-1793.545;0.0;0.0;23.683310023;49.654927619;0.0;0.0;0.0;0.0;1.0;1.0;1.0;0.0;1.0;1.3;100.0;100.0;50.0;0.0;742.109318234;0.0;0.0;6.013468883;0.0;5494.333333333;-1791.466666667;54320.838095238;38622.226666667;84.89736333494685;-18.05892826413393;1031.9425916383627;31.622384470474366;3138.2938690301603;-88.95919458259628;325.43902607734015;35.41290454340569;325.31991521795874;35.367238493818625;5730.626568147151;-18.238632223753616
2022-09-06 11:06:00;1562.5;5778.5;0;24950.289508233;1046.167388665;31.37183199;60800.835227273;37068.340909091;17146.553924125;993.863858461;91.036205977;3869.829545455;-213897.943181818;0.0;0.0;55320.091698318;38880.724235534;0.0;0.0;0.0;0.0;5442.727;-1793.545;0.0;0.0;23.635167739;49.615236742;0.0;0.0;0.0;0.0;1.0;1.0;1.0;0.0;1.0;1.3;100.0;100.0;50.0;0.0;742.371831198;0.0;0.0;6.013440083;0.0;5494.333333333;-1791.466666667;55306.501893939;38859.807575758;84.89736333494685;-18.05892826413393;1046.1128284185136;31.369337327684573;3142.8077245081786;-88.96352105918795;330.03870476178616;35.0928895013633;330.1517154988156;35.10077133273642;5730.626568147151;-18.238632223753616
2022-09-06 11:09:00;1736.5;5952.5;0;24950.738690149;917.485591145;30.993077816;53486.810344828;32223.827586207;17146.858397552;994.437202421;91.07599722;4020.655172414;-214018.551724138;0.0;0.0;48586.965789954;34409.244059563;0.0;0.0;0.0;0.0;5442.727;-1793.545;0.0;0.0;23.645346778;49.578632184;0.0;0.0;0.0;0.0;1.0;1.0;1.0;0.0;1.0;1.3;100.0;100.0;50.0;0.0;742.869114054;0.0;0.0;6.01321536;0.0;5494.333333333;-1791.466666667;47992.477011494;34015.294252874;84.89736333494685;-18.05892826413393;917.3364942068956;31.067410776132707;3144.6200870207113;-88.92374060609451;287.2217700610938;35.327605004732014;290.7022753186113;35.30609061986656;5730.626568147151;-18.238632223753616
2022-09-06 11:12:00;1910.269855596;6126.269855596;0;24951.071795902;796.617625194;30.046873927;46939.093411552;27144.675090253;17147.072982086;995.528606839;91.183290996;4426.531137184;-214245.453068592;0.0;0.0;41522.497401168;29002.508406696;0.0;0.0;0.0;0.0;5442.727;-1793.545;0.0;0.0;23.769520618;49.618438779;0.0;0.0;0.0;0.0;1.0;1.0;1.0;0.0;1.0;1.3;100.0;100.0;50.0;0.0;743.175095762;0.0;0.0;6.013178294;0.0;5494.333333333;-1791.466666667;41444.760078219;28936.141756919;84.89736333494685;-18.05892826413393;796.5665531045697;30.040609540412905;3148.070343167903;-88.81637874147887;246.80395350740164;34.92219717663743;247.30068264458296;34.93341260205369;5730.626568147151;-18.238632223753616
2022-09-06 11:15:00;2127.876093294;6343.876093294;0;24951.993742252;798.521940176;30.135439248;47009.306122449;27286.540816327;17147.700058913;996.42421656;91.256219687;4702.827988338;-214435.571428571;0.0;0.0;41963.673079475;28924.200314321;0.0;0.0;0.0;0.0;5442.727;-1793.545;0.0;0.0;23.935243792;49.636808066;0.0;0.0;0.0;0.0;1.0;1.0;1.0;0.0;1.0;1.3;100.0;100.0;50.0;0.0;743.433987596;0.0;0.0;6.013309078;0.0;5494.333333333;-1791.466666667;41514.972789116;29078.007482993;84.89736333494685;-18.05892826413393;798.503830253927;30.133012377302062;3150.9490879862087;-88.74363658020512;247.48186475816237;35.00825105447722;248.85253633075195;34.577237313947315;5730.626568147151;-18.238632223753616
2022-09-06 11:18:00;2259.5;6475.5;0;24952.234092345;721.611221368;29.443218989;42719.183908046;24227.344827586;17147.887481937;995.753379964;91.054648554;3946.068965517;-214302.971264368;0.0;0.0;37830.33099373;26396.260778471;0.0;0.0;0.0;0.0;5442.727;-1793.545;0.0;0.0;23.945123667;49.619534483;0.0;0.0;0.0;0.0;1.0;1.0;1.0;0.0;1.0;1.3;100.0;100.0;50.0;0.0;743.732771891;0.0;0.0;6.013393312;0.0;5494.333333333;-1791.466666667;37224.850574713;26018.811494253;84.89736333494685;-18.05892826413393;721.4714490034206;29.55888701489546;3148.777287221659;-88.94510305468499;221.75530263219355;34.95214332730285;225.23433484904416;34.90555831026671;5730.626568147151;-18.238632223753616
2022-09-06 11:21:00;2476.619533528;6692.619533528;0;24952.371340391;546.465611317;27.967313696;32854.481049563;17435.240524781;17147.980660012;996.529995378;91.043873028;3908.400874636;-214474.387755102;0.0;0.0;27996.104964064;19072.094032794;0.0;0.0;0.0;0.0;5442.727;-1793.545;0.0;0.0;23.971309111;49.601608843;0.0;0.0;0.0;0.0;1.0;1.0;1.0;0.0;1.0;1.3;100.0;100.0;50.0;0.0;744.152981116;0.0;0.0;6.013368487;0.0;5494.333333333;-1791.466666667;27360.147716229;19226.707191448;84.89736333494685;-18.05892826413393;546.405090369091;27.954031519051764;3151.284944366606;-88.95600545276008;163.27798103968283;35.09673844288406;165.40199188970405;34.26429485518115;5730.626568147151;-18.238632223753616
2022-09-06 11:24:00;2550.299270073;6766.299270073;0;24952.457954225;517.060037181;27.782392932;31057.597080292;16527.430656934;17148.014782842;997.782887436;91.301137721;4877.583941606;-214723.94890511;0.0;0.0;26489.668753124;18331.935178956;0.0;0.0;0.0;0.0;5442.727;-1793.545;0.0;0.0;24.008868508;49.608629197;0.0;0.0;0.0;0.0;1.0;1.0;1.0;0.0;1.0;1.3;100.0;100.0;50.0;0.0;744.433031055;0.0;0.0;6.013496669;0.0;5494.333333333;-1791.466666667;25563.263746959;18318.897323601;84.89736333494685;-18.05892826413393;516.8364683840998;28.019862962908924;3155.241773169135;-88.69871561821763;153.55755911160418;35.625772393916485;157.29260599811536;34.68482028045543;5730.626568147151;-18.238632223753616
2022-09-06 11:27:00;2782.0;6998.0;0;24952.306746326;300.592612177;21.143872526;19083.885714286;7371.668571429;17147.938349886;996.747025739;91.037960007;3887.908571429;-214517.76;0.0;0.0;13649.502610417;9175.147597423;0.0;0.0;0.0;0.0;5442.727;-1793.545;0.0;0.0;23.957885337;49.565975238;0.0;0.0;0.0;0.0;1.0;1.0;1.0;0.0;1.0;1.3;100.0;100.0;50.0;0.0;745.238961039;0.0;0.0;6.013225766;0.0;5494.333333333;-1791.466666667;13589.552380952;9163.135238095;84.89736333494685;-18.05892826413393;300.54302118778156;21.12040627027432;3151.91653421342;-88.96168799053048;80.02834920057487;33.9909185849454;80.30392259604896;33.90885531670654;5730.626568147151;-18.238632223753616
2022-09-06 11:30:00;2982.085284281;7198.085284281;0;24953.175129113;302.911057047;20.433607559;19321.951505017;7195.431438127;17148.553570946;996.606410157;90.833639283;3121.887959866;-214502.49916388;0.0;0.0;13637.309713246;9050.511935082;0.0;0.0;0.0;0.0;5442.727;-1793.545;0.0;0.0;23.950095782;49.525204571;0.0;0.0;0.0;0.0;1.0;1.0;1.0;0.0;1.0;1.3;100.0;100.0;50.0;0.0;745.049204386;0.0;0.0;6.013142551;0.0;5494.333333333;-1791.466666667;13827.618171683;8986.898104794;84.89736333494685;-18.05892826413393;302.89481786369055;20.42516587958271;3151.5085293003344;-89.16617113113381;80.52259024453515;33.020798124736274;79.91640852589333;33.570565595659744;5730.626568147151;-18.238632223753616
2022-09-06 11:33:00;3131.0;7347.0;0;24953.464977949;199.564164272;4.944708045;12819.022857143;3036.011428571;17148.733095417;997.119529076;91.050161683;3934.805714286;-214597.268571429;0.0;0.0;7889.659493509;5194.163181851;0.0;0.0;0.0;0.0;5442.727;-1793.545;0.0;0.0;24.013776126;49.539870476;0.0;0.0;0.0;0.0;1.0;1.0;1.0;0.0;1.0;1.3;100.0;100.0;50.0;0.0;745.01773361;0.0;0.0;6.013064156;0.0;5494.333333333;-1791.466666667;7324.68952381;4827.478095238;84.89736333494685;-18.05892826413393;193.52890163043284;13.324222598082486;3153.0969277701847;-88.9495555930397;42.8331009886686;33.38765094769861;46.1216882450971;33.358938249190395;5730.626568147151;-18.238632223753616
2022-09-06 11:36:00;3305.5;7521.5;0;24953.736827045;90.150005814;-17.945242877;5839.318181818;-1878.494318182;17148.922223602;997.261237454;91.052483145;3944.045454545;-214627.857954545;0.0;0.0;400.797276859;-82.866157025;0.0;0.0;0.0;0.0;5442.727;-1793.545;0.0;0.0;24.050261545;49.524306818;0.0;0.0;0.0;0.0;1.0;1.0;1.0;0.0;1.0;1.3;100.0;100.0;50.0;0.0;745.098899897;0.0;0.0;6.013091684;0.0;5494.333333333;-1791.466666667;344.984848485;-87.027651515;84.89736333494685;-18.05892826413393;90.11277093774204;-17.832855706680338;3153.5487202762924;-88.94723951633797;1.7372256197809453;-14.15832695054351;1.9983592423731207;-11.681497795517878;5730.626568147151;-18.238632223753616
2022-09-06 11:39:00;3480.0;7696.0;0;24954.357723469;89.205191357;-18.573166318;5759.045714286;-1915.702857143;17149.351668697;997.449860587;91.033168346;3872.348571429;-214670.371428571;0.0;0.0;323.662090909;-124.200454545;0.0;0.0;0.0;0.0;5442.727;-1793.545;0.0;0.0;24.094044811;49.542942857;0.0;0.0;0.0;0.0;1.0;1.0;1.0;0.0;1.0;1.3;100.0;100.0;50.0;0.0;745.310943169;0.0;0.0;6.013067273;0.0;5494.333333333;-1791.466666667;264.712380952;-124.236190476;84.89736333494685;-18.05892826413393;89.16193101923706;-18.39931325169025;3154.1539919479255;-88.96657760237262;1.4277786296085435;-25.141848403192764;1.6927026955092421;-20.993553281432437;5730.626568147151;-18.238632223753616
2022-09-06 11:42:00;3629.22303207;7845.22303207;0;24955.113727327;82.763792691;-18.531645796;5342.7696793;-1778.077259475;17149.866422484;997.625384175;91.124666927;4215.572886297;-214704.460641399;0.0;0.0;193.003983302;-110.341827458;0.0;0.0;0.0;0.0;5442.727;-1793.545;0.0;0.0;24.115420003;49.553229349;0.0;0.0;0.0;0.0;1.0;1.0;1.0;0.0;1.0;1.3;100.0;100.0;50.0;0.0;745.673275126;0.0;0.0;6.013042924;0.0;5494.333333333;-1791.466666667;-151.563654033;13.389407191;84.89736333494685;-18.05892826413393;82.72103879241857;-18.407476339714023;3154.749654797811;-88.87518171068912;0.7429207829451999;174.9514933499828;1.0855165378317269;-29.756927987216628;5730.626568147151;-18.238632223753616
2022-09-06 11:45:00;3829.0;8045.0;0;24955.810235771;88.976464223;-19.231018053;5722.748571429;-1972.005714286;17150.346640394;997.959313498;91.046684959;3925.165714286;-214778.651428571;0.0;0.0;269.358194805;-175.590064935;0.0;0.0;0.0;0.0;5442.727;-1793.545;0.0;0.0;24.185732537;49.557325714;0.0;0.0;0.0;0.0;1.0;1.0;1.0;0.0;1.0;1.3;100.0;100.0;50.0;0.0;745.795292675;0.0;0.0;6.012853403;0.0;5494.333333333;-1791.466666667;228.415238095;-180.539047619;84.89736333494685;-18.05892826413393;88.92214212502263;-19.013472943755886;3155.758516187495;-88.95301327570184;1.4215920121231056;-38.32278916343486;1.5699636446938938;-33.09965171153556;5730.626568147151;-18.238632223753616
2022-09-06 11:48:00;4090.0;8306.0;0;24956.749985;95.267533112;-17.434665703;6187.0;-1943.0;17150.98997;997.722996873;90.396171019;1485.0;-214763.0;0.0;0.0;-24.908818182;-134.545909091;0.0;0.0;0.0;0.0;5442.727;-1793.545;0.0;0.0;24.269462;49.567666667;0.0;0.0;0.0;0.0;1.0;1.0;1.0;0.0;1.0;1.3;100.0;100.0;50.0;0.0;745.8418;0.0;0.0;6.012727273;0.0;5494.333333333;-1791.466666667;692.666666667;-151.533333333;84.89736333494685;-18.05892826413393;95.26753311160549;-17.43466570332306;3155.0771447576235;-89.60382898074069;3.46206446135414;-12.340074027885949;0.6681095063253614;-100.48855747305268;5730.626568147151;-18.238632223753616
2022-09-06 11:51:00;4225.02189781;8441.02189781;0;24957.455241892;94.569326737;-18.364355078;6116.4;-1994.496350365;17151.492277537;997.232085704;90.861237372;3227.00729927;-214636.635036496;0.0;0.0;333.831593231;-139.709147313;0.0;0.0;0.0;0.0;5442.727;-1793.545;0.0;0.0;24.28910588;49.568979562;0.0;0.0;0.0;0.0;1.0;1.0;1.0;0.0;1.0;1.3;100.0;100.0;50.0;0.0;745.941171427;0.0;0.0;6.012864751;0.0;5494.333333333;-1791.466666667;622.066666667;-203.029683698;84.89736333494685;-18.05892826413393;94.51032838355754;-18.06062510385908;3153.5016969851304;-89.13863740361158;3.1950420889349282;-18.075610825129775;1.7669826609702675;-22.70940148437955;5730.626568147151;-18.238632223753616
2022-09-06 11:54:00;4401.255474453;8617.255474453;0;24958.234074146;87.692694844;-19.532458595;5629.808759124;-1979.227737226;17152.01403375;998.196545349;91.109642355;4161.353284672;-214828.084671533;0.0;0.0;110.266762442;-219.085126078;0.0;0.0;0.0;0.0;5442.727;-1793.545;0.0;0.0;24.334074339;49.576114355;0.0;0.0;0.0;0.0;1.0;1.0;1.0;0.0;1.0;1.3;100.0;100.0;50.0;0.0;746.018092395;0.0;0.0;6.012897333;0.0;5494.333333333;-1791.466666667;135.475425791;-187.76107056;84.89736333494685;-18.05892826413393;87.66754892972554;-19.36974478308749;3156.5498921029944;-88.89028398547428;1.1305073176927851;-54.18838489041646;1.1975747013165128;-63.28363346037006;5730.626568147151;-18.238632223753616
2022-09-06 11:57:00;4613.0;8829.0;0;24958.999984;70.864978254;-20.204328567;4527.0;-1666.0;17152.539931;997.85814412;91.334105159;5001.0;-214739.0;0.0;0.0;387.091181818;-220.545909091;0.0;0.0;0.0;0.0;5442.727;-1793.545;0.0;0.0;24.388188;49.567666667;0.0;0.0;0.0;0.0;1.0;1.0;1.0;0.0;1.0;1.3;100.0;100.0;50.0;0.0;746.467718182;0.0;0.0;6.012563636;0.0;5494.333333333;-1791.466666667;-967.333333333;125.466666667;84.89736333494685;-18.05892826413393;70.86497825375532;-20.20432856659549;3155.504517877866;-88.66589484084804;4.762754373655683;172.6097857720059;2.175293223085146;-29.67240681774175;5730.626568147151;-18.238632223753616
2022-09-06 12:00:00;4700.0;8916.0;0;24959.166642806;89.498245496;-19.685391944;5738.891428571;-2036.331428571;17152.654585491;998.208322207;91.044987577;3919.485714286;-214832.64;0.0;0.0;288.871441558;-243.327207792;0.0;0.0;0.0;0.0;5442.727;-1793.545;0.0;0.0;24.372324834;49.553342857;0.0;0.0;0.0;0.0;1.0;1.0;1.0;0.0;1.0;1.3;100.0;100.0;50.0;0.0;746.644551688;0.0;0.0;6.012618961;0.0;5494.333333333;-1791.466666667;244.558095238;-244.864761905;84.89736333494685;-18.05892826413393;89.45794258343992;-19.536216884801696;3156.549986209096;-88.95479067936705;1.6897742120123032;-45.03590086400851;1.8441769846977416;-40.10868730943481;5730.626568147151;-18.238632223753616
2022-09-06 12:03:00;4875.0;9091.0;0;24959.809900198;88.94274816;-20.011324916;5692.293785311;-2052.570621469;17153.096001209;998.13707929;91.048514452;3932.474576271;-214817.491525424;0.0;0.0;257.796882897;-258.572103236;0.0;0.0;0.0;0.0;5442.727;-1793.545;0.0;0.0;24.415692015;49.562305085;0.0;0.0;0.0;0.0;1.0;1.0;1.0;0.0;1.0;1.3;100.0;100.0;50.0;0.0;746.737077658;0.0;0.0;6.012767848;0.0;5494.333333333;-1791.466666667;197.960451977;-261.103954802;84.89736333494685;-18.05892826413393;88.89373794352218;-19.828675723250573;3156.33096946981;-88.95125377791338;1.5998818336097747;-52.83178935369463;1.7828096827414197;-45.08601759873313;5730.626568147151;-18.238632223753616
2022-09-06 12:06:00;5050.0;9266.0;0;24960.511044914;88.724343561;-19.845616455;5684.262857143;-2031.462857143;17153.578122846;998.046443941;91.036130424;3885.965714286;-214798.085714286;0.0;0.0;249.961311688;-240.250844156;0.0;0.0;0.0;0.0;5442.727;-1793.545;0.0;0.0;24.440595143;49.554251429;0.0;0.0;0.0;0.0;1.0;1.0;1.0;0.0;1.0;1.3;100.0;100.0;50.0;0.0;746.499898597;0.0;0.0;6.012947325;0.0;5494.333333333;-1791.466666667;189.92952381;-239.996190476;84.89736333494685;-18.05892826413393;88.6779267000614;-19.666061090639957;3156.033501175021;-88.9635608332651;1.494386162871457;-51.642416296860596;1.6928310237746795;-43.86519326996467;5730.626568147151;-18.238632223753616
2022-09-06 12:09:00;5276.489051095;9492.489051095;0;24961.581734026;89.786070182;-19.52108089;5768.040875912;-2001.372262774;17154.313236346;997.478325831;91.109374558;4157.598540146;-214672.856934307;0.0;0.0;266.867558726;-278.31206702;0.0;0.0;0.0;0.0;5442.727;-1793.545;0.0;0.0;24.477813325;49.541657908;0.0;0.0;0.0;0.0;1.0;1.0;1.0;0.0;1.0;1.3;100.0;100.0;50.0;0.0;746.701297983;0.0;0.0;6.012743225;0.0;5494.333333333;-1791.466666667;273.707542579;-209.905596107;84.89736333494685;-18.05892826413393;89.69196658649878;-19.13555138991189;3154.268859780212;-88.89048352023035;1.6841832723683718;-37.48450388755676;1.8826935355703638;-46.2025866319882;5730.626568147151;-18.238632223753616
2022-09-06 12:12:00;5461.656934307;9677.656934307;0;24962.403457956;89.364375577;-20.335258004;5707.270072993;-2099.541605839;17154.875139426;998.056321318;91.129270592;4234.397080292;-214796.632116788;0.0;0.0;284.480166556;-204.07026211;0.0;0.0;0.0;0.0;5442.727;-1793.545;0.0;0.0;24.500353057;49.533826764;0.0;0.0;0.0;0.0;1.0;1.0;1.0;0.0;1.0;1.3;100.0;100.0;50.0;0.0;746.796444831;0.0;0.0;6.012572435;0.0;5494.333333333;-1791.466666667;212.936739659;-308.074939173;84.89736333494685;-18.05892826413393;89.33661711007844;-20.197127020898055;3156.108888537929;-88.87064495333388;1.8285810707367516;-55.348358057143706;1.7094558112350453;-35.65355480013705;5730.626568147151;-18.238632223753616
2022-09-06 12:15:00;5595.472803347;9811.472803347;0;24962.973089814;89.10458152;-20.150140332;5694.630962343;-2084.538075314;17155.245955681;998.782524941;91.342499366;5037.556485356;-214935.266108787;0.0;0.0;163.979808672;-281.826624192;0.0;0.0;0.0;0.0;5442.727;-1793.545;0.0;0.0;24.442589153;49.505280335;0.0;0.0;0.0;0.0;1.0;1.0;1.0;0.0;1.0;1.3;100.0;100.0;50.0;0.0;747.05949167;0.0;0.0;6.012379772;0.0;5494.333333333;-1791.466666667;200.29762901;-293.071408647;84.89736333494685;-18.05892826413393;89.08637507693662;-20.105315468697803;3158.3995456852676;-88.65737299324036;1.733252488406276;-55.64961596761624;1.5920543448042686;-59.80716886068713;5730.626568147151;-18.238632223753616
2022-09-06 12:18:00;5746.0;9962.0;0;24963.63252272;91.440579079;-19.891686932;5855.84;-2100.914285714;17155.724870217;997.447409167;91.031506646;3866.205714286;-214669.108571429;0.0;0.0;399.799233766;-311.450844156;0.0;0.0;0.0;0.0;5442.727;-1793.545;0.0;0.0;24.498480579;49.508219048;0.0;0.0;0.0;0.0;1.0;1.0;1.0;0.0;1.0;1.3;100.0;100.0;50.0;0.0;747.01731039;0.0;0.0;6.012659377;0.0;5494.333333333;-1791.466666667;361.506666667;-309.447619048;84.89736333494685;-18.05892826413393;91.39490969571342;-19.736589918696172;3154.133816511919;-88.96821053736731;2.3234889612871537;-40.563334561383456;2.4745234036590342;-37.919236564935105;5730.626568147151;-18.238632223753616
2022-09-06 12:21:00;5917.394160584;10133.394160584;0;24964.331277753;94.255080034;-18.497071898;6087.068613139;-2016.551824818;17156.201754418;996.797902034;91.032277092;3866.075912409;-214532.340145985;0.0;0.0;452.571871931;-218.353341075;0.0;0.0;0.0;0.0;5442.727;-1793.545;0.0;0.0;24.5624084;49.508406813;0.0;0.0;0.0;0.0;1.0;1.0;1.0;0.0;1.0;1.3;100.0;100.0;50.0;0.0;746.955327565;0.0;0.0;6.012602919;0.0;5494.333333333;-1791.466666667;592.735279805;-225.085158151;84.89736333494685;-18.05892826413393;94.20214818338093;-18.32923632018411;3152.1248951088664;-88.96758754971384;3.09579023913109;-20.7937610983425;2.453519913937669;-25.75601658919071;5730.626568147151;-18.238632223753616
2022-09-06 12:24:00;6095.0;10311.0;0;24965.027242254;91.605853154;-19.601297745;5876.542372881;-2076.740112994;17156.680398972;997.417301489;91.042457681;3906.858757062;-214663.282485876;0.0;0.0;429.6335547;-277.405179764;0.0;0.0;0.0;0.0;5442.727;-1793.545;0.0;0.0;24.555714283;49.477645951;0.0;0.0;0.0;0.0;1.0;1.0;1.0;0.0;1.0;1.3;100.0;100.0;50.0;0.0;746.853981253;0.0;0.0;6.012579199;0.0;5494.333333333;-1791.466666667;382.209039548;-285.273446328;84.89736333494685;-18.05892826413393;91.56228964172617;-19.463148448976067;3154.059052594741;-88.95733539161247;2.3287149773168143;-36.73694932479961;2.4970501270566716;-32.84946421652554;5730.626568147151;-18.238632223753616
2022-09-06 12:27:00;6270.5;10486.5;0;24965.60257129;92.13485813;-19.848430872;5901.960227273;-2113.869318182;17157.077055335;997.387910416;91.035588264;3881.0625;-214657.414772727;0.0;0.0;438.724446278;-318.295909091;0.0;0.0;0.0;0.0;5442.727;-1793.545;0.0;0.0;24.55810625;49.464246212;0.0;0.0;0.0;0.0;1.0;1.0;1.0;0.0;1.0;1.3;100.0;100.0;50.0;0.0;746.935577893;0.0;0.0;6.012560847;0.0;5494.333333333;-1791.466666667;407.626893939;-322.402651515;84.89736333494685;-18.05892826413393;92.09692564318378;-19.705692846061204;3153.965993130125;-88.96419009885001;2.5376058718605714;-38.34138378255253;2.646542671764239;-35.96099843997846;5730.626568147151;-18.238632223753616
2022-09-06 12:30:00;6501.211678832;10717.211678832;0;24966.493710942;96.706830031;-18.538021052;6242.309489051;-2085.986861314;17157.669180753;998.266713599;91.250851467;4691.38540146;-214832.475912409;0.0;0.0;770.211420703;-269.842524884;0.0;0.0;0.0;0.0;5442.727;-1793.545;0.0;0.0;24.552047991;49.439641849;0.0;0.0;0.0;0.0;1.0;1.0;1.0;0.0;1.0;1.3;100.0;100.0;50.0;0.0;746.941373431;0.0;0.0;6.012335674;0.0;5494.333333333;-1791.466666667;747.976155718;-294.520194647;84.89736333494685;-18.05892826413393;96.68813404341962;-18.478034642415754;3156.7747875392824;-88.7490072559468;3.925060354878453;-21.492343994939873;3.984829106874558;-19.307839994315344;5730.626568147151;-18.238632223753616
2022-09-06 12:33:00;6619.0;10835.0;0;24968.658124371;605.309710308;8.622425244;36939.045714286;16468.291428571;17159.191555257;997.528338252;90.964335067;3615.302857143;-214689.114285714;0.0;0.0;29321.560272705;16953.265519495;0.0;0.0;0.0;0.0;5442.727;-1793.545;0.0;0.0;24.531802629;49.401558095;0.0;0.0;0.0;0.0;1.0;1.0;1.0;0.0;1.0;1.3;100.0;100.0;50.0;0.0;746.862925818;0.0;0.0;6.012411481;0.0;5494.333333333;-1791.466666667;31444.712380952;18259.758095238;84.89736333494685;-18.05892826413393;594.143927916917;24.028431843959563;3154.363451338842;-89.03524676006843;177.5440259057973;30.143481320266684;165.37607709707964;30.035826478132535;5730.626568147151;-18.238632223753616
2022-09-06 12:36:00;6793.5;11009.5;0;24970.70404904;1037.614125892;27.942316003;62395.306818182;33090.255681818;17160.582281097;997.863423496;91.045216251;3919.176136364;-214758.602272727;0.0;0.0;56913.264219028;34880.582190085;0.0;0.0;0.0;0.0;5442.727;-1793.545;0.0;0.0;24.569096591;49.408354167;0.0;0.0;0.0;0.0;1.0;1.0;1.0;0.0;1.0;1.3;100.0;100.0;50.0;0.0;746.984476601;0.0;0.0;6.01223936;0.0;5494.333333333;-1791.466666667;56900.973484848;34881.722348485;84.89736333494685;-18.05892826413393;1037.5509367739635;27.93845826902778;3155.4624241076194;-88.95451299016939;325.8792041022752;31.50934058676472;325.9274599764577;31.502992582664138;5730.626568147151;-18.238632223753616
2022-09-06 12:39:00;7029.423357664;11245.423357664;0;24971.476901412;1049.67555054;28.040799037;63063.668613139;33588.854014599;17161.091242628;997.248588674;91.24320443;4657.557664234;-214613.944525547;0.0;0.0;57459.038361518;35208.508105636;0.0;0.0;0.0;0.0;5442.727;-1793.545;0.0;0.0;24.545368254;49.380499757;0.0;0.0;0.0;0.0;1.0;1.0;1.0;0.0;1.0;1.3;100.0;100.0;50.0;0.0;746.977925388;0.0;0.0;6.012253962;0.0;5494.333333333;-1791.466666667;57569.335279805;35380.320681265;84.89736333494685;-18.05892826413393;1049.6587015815846;28.040574614433034;3153.5543704168276;-88.7567605888137;329.93400586329346;31.57358878258632;329.03621984851264;31.498234119210572;5730.626568147151;-18.238632223753616
2022-09-06 12:42:00;7136.025104603;11352.025104603;0;24971.764026011;1048.892127295;28.056476475;63007.238493724;33579.860251046;17161.301295818;997.433443737;91.13022859;4235.955648536;-214659.169037657;0.0;0.0;57583.795175869;34915.324916238;0.0;0.0;0.0;0.0;5442.727;-1793.545;0.0;0.0;24.546251558;49.351822594;0.0;0.0;0.0;0.0;1.0;1.0;1.0;0.0;1.0;1.3;100.0;100.0;50.0;0.0;746.804322807;0.0;0.0;6.012290529;0.0;5494.333333333;-1791.466666667;57512.905160391;35371.326917713;84.89736333494685;-18.05892826413393;1048.8649440969305;28.05549269245312;3154.090314798845;-88.86950608276027;329.6762866066409;31.592159193251298;328.8112844441024;31.230084710854857;5730.626568147151;-18.238632223753616
2022-09-06 12:45:00;7377.423357664;11593.423357664;0;24972.390781353;742.336339279;31.999615794;43066.39270073;26321.128467153;17161.691230218;998.021501009;91.553952327;5826.79270073;-214749.213138686;0.0;0.0;52688.203059962;33307.591051999;0.0;0.0;0.0;0.0;5442.727;-1793.545;0.0;0.0;24.46017077;49.308950852;0.0;0.0;0.0;0.0;1.0;1.0;1.0;0.0;1.0;1.3;100.0;100.0;50.0;0.0;747.063736908;0.0;0.0;6.011830631;0.0;5494.333333333;-1791.466666667;37572.059367397;28112.59513382;84.89736333494685;-18.05892826413393;741.4785595549648;31.432255853237482;3155.9602535005156;-88.44577433292369;229.12147467592865;36.804989789129394;304.3543953664867;32.299605102611444;5730.626568147151;-18.238632223753616
2022-09-06 12:48:00;7436.228862974;11652.228862974;0;24970.020823328;163.286958981;5.562492305;10835.588921283;1583.650145773;17160.071992617;995.89617741;91.429700829;5349.590379009;-214305.482507289;0.0;0.0;9403.362848655;6581.474896666;0.0;0.0;0.0;0.0;5442.727;-1793.545;0.0;0.0;24.542887274;49.334198737;0.0;0.0;0.0;0.0;1.0;1.0;1.0;0.0;1.0;1.3;100.0;100.0;50.0;0.0;747.055552558;0.0;0.0;6.012134826;0.0;5494.333333333;-1791.466666667;5341.255587949;3375.116812439;84.89736333494685;-18.05892826413393;160.87264765276893;8.315059228239349;3149.2612387079816;-88.57005380037859;30.850124377190745;32.28861887070689;56.042383466066475;34.988425112958886;5730.626568147151;-18.238632223753616
2022-09-06 12:51:00;7606.554744526;11822.554744526;0;24970.336558264;89.976448736;-20.237148745;5749.586861314;-2104.55620438;17160.328008091;994.045054737;90.86863964;3244.359124088;-213950.176642336;0.0;0.0;738.398414732;-292.324143994;0.0;0.0;0.0;0.0;5442.727;-1793.545;0.0;0.0;24.571452336;49.326313382;0.0;0.0;0.0;0.0;1.0;1.0;1.0;0.0;1.0;1.3;100.0;100.0;50.0;0.0;746.903811838;0.0;0.0;6.011912448;0.0;5494.333333333;-1791.466666667;255.253527981;-313.089537713;84.89736333494685;-18.05892826413393;89.94560280911463;-20.104448510264653;3143.4221951687573;-89.13122839333718;1.9723865756605625;-50.810559414345164;3.8776250148821463;-21.598090221680657;5730.626568147151;-18.238632223753616
2022-09-06 12:54:00;7926.0;12142.0;0;24972.609936;92.24421208;-21.948825403;5824.0;-2347.0;17161.889991;986.479713113;91.562183233;5789.0;-212269.0;0.0;0.0;201.363909091;-370.455;0.0;0.0;0.0;0.0;5442.727;-1793.545;0.0;0.0;24.570946;22.017;0.0;0.0;0.0;0.0;1.0;1.0;1.0;0.0;1.0;1.3;100.0;100.0;50.0;0.0;746.769463636;0.0;0.0;6.0119;0.0;5494.333333333;-1791.466666667;329.666666667;-555.533333333;84.89736333494685;-18.05892826413393;92.24421208002255;-21.948825403378983;3119.522759687485;-88.4378167671583;3.1541488137556386;-59.314100468190325;2.058761714435893;-61.473339005305625;5730.626568147151;-18.238632223753616
2022-09-06 12:57:00;8013.448680352;12229.448680352;0;24977.927798941;427.873162672;5.747269054;27112.923167155;8968.531378299;17165.544582165;961.970548019;91.072326787;3874.129032258;-207031.391788856;0.0;0.0;14585.336076567;7004.873125668;0.0;0.0;0.0;0.0;5442.727;-1793.545;0.0;0.0;24.534595739;19.722711437;0.0;0.0;0.0;0.0;1.0;1.0;1.0;0.0;1.0;1.3;100.0;100.0;50.0;0.0;746.879204751;0.0;0.0;6.011878379;0.0;5494.333333333;-1791.466666667;21618.589833822;10759.998044966;84.89736333494685;-18.05892826413393;419.5310852502617;18.30340843213849;3041.9520573377704;-88.92796286916649;117.90877445478067;26.460434614272227;79.0031472336421;25.6534938003457;5730.626568147151;-18.238632223753616
2022-09-06 13:00:00;8230.619533528;12446.619533528;0;24983.476937548;1099.382964493;31.789304026;63588.61516035;39439.250728863;17169.362661671;946.416196745;91.136294925;4040.771137026;-203681.422740525;0.0;0.0;59610.861126087;42702.984040411;0.0;0.0;0.0;0.0;5442.727;-1793.545;0.0;0.0;24.390869612;12.39070554;0.0;0.0;0.0;0.0;1.0;1.0;1.0;0.0;1.0;1.3;100.0;100.0;50.0;0.0;746.776790737;0.0;0.0;6.01179458;0.0;5494.333333333;-1791.466666667;58094.281827017;41230.71739553;84.89736333494685;-18.05892826413393;1099.243920415865;31.80822512921614;2992.7952454515816;-88.86347629089917;347.83545019077326;35.36411303611743;358.0381834593865;35.616390870370026;5730.626568147151;-18.238632223753616
2022-09-06 13:03:00;8415.97810219;12631.97810219;0;24984.440890499;1182.003234584;32.710676496;67706.617518248;43450.801459854;17169.997563588;947.039014471;91.265547769;4502.654014599;-203806.57080292;0.0;0.0;60138.959396813;43852.560527197;0.0;0.0;0.0;0.0;5442.727;-1793.545;0.0;0.0;24.513443784;11.258883211;0.0;0.0;0.0;0.0;1.0;1.0;1.0;0.0;1.0;1.3;100.0;100.0;50.0;0.0;746.930608056;0.0;0.0;6.011888348;0.0;5494.333333333;-1791.466666667;62212.284184915;45242.268126521;84.89736333494685;-18.05892826413393;1181.8563719009203;32.69036627535582;2994.775573772284;-88.73438275397704;375.5939682114819;36.025548498979525;363.41604064787253;36.09905274373899;5730.626568147151;-18.238632223753616
2022-09-06 13:06:00;8532.585774059;12748.585774059;0;24985.120353073;1134.571447131;32.316368923;65262.457740586;41286.438493724;17170.4660085;947.817328786;91.248452601;4445.813389121;-203973.969874477;0.0;0.0;61716.476043015;44818.810956578;0.0;0.0;0.0;0.0;5442.727;-1793.545;0.0;0.0;24.511083448;10.883786053;0.0;0.0;0.0;0.0;1.0;1.0;1.0;0.0;1.0;1.3;100.0;100.0;50.0;0.0;747.088803339;0.0;0.0;6.012006961;0.0;5494.333333333;-1791.466666667;59768.124407252;43077.905160391;84.89736333494685;-18.05892826413393;1134.4886600378436;32.318327933871494;2997.215858442312;-88.75137980514597;359.7299903173431;35.78219653255824;372.4200968503611;35.987338937455306;5730.626568147151;-18.238632223753616
2022-09-06 13:09:00;8709.5;12925.5;0;24985.747653879;1168.354554851;32.255789929;67252.252873563;42438.091954023;17170.921794178;947.695341178;91.049904106;3739.275862069;-203960.051724138;0.0;0.0;61816.377493213;44239.183976;0.0;0.0;0.0;0.0;5442.727;-1793.545;0.0;0.0;24.537133445;10.476787356;0.0;0.0;0.0;0.0;1.0;1.0;1.0;0.0;1.0;1.3;100.0;100.0;50.0;0.0;747.01276024;0.0;0.0;6.011845664;0.0;5494.333333333;-1791.466666667;61757.91954023;44229.55862069;84.89736333494685;-18.05892826413393;1168.2375591916025;32.25309575841238;2996.803214412611;-88.94969272212737;370.9012793174136;35.60934097835773;371.1607240602562;35.58958402108223;5730.626568147151;-18.238632223753616
2022-09-06 13:12:00;8883.5;13099.5;0;24986.415295074;1173.199476148;32.136886385;67622.897727273;42470.528409091;17171.381489318;947.737328007;91.038765469;3699.267045455;-203971.159090909;0.0;0.0;62177.368557835;44230.470103335;0.0;0.0;0.0;0.0;5442.727;-1793.545;0.0;0.0;24.560364955;10.182221591;0.0;0.0;0.0;0.0;1.0;1.0;1.0;0.0;1.0;1.3;100.0;100.0;50.0;0.0;747.019966374;0.0;0.0;6.011770971;0.0;5494.333333333;-1791.466666667;62128.564393939;44261.995075758;84.89736333494685;-18.05892826413393;1173.099357770541;32.13085568273251;2996.9556456000773;-88.96098470060275;372.4659768920107;35.46705399478355;372.5708363000066;35.42651121437962;5730.626568147151;-18.238632223753616
2022-09-06 13:15:00;9106.766423358;13322.766423358;0;24986.95688448;1252.676879006;32.184599909;72164.502189781;45416.343065693;17171.750963758;948.778602742;91.057505808;3769.797080292;-204196.074452555;0.0;0.0;67712.680432295;48496.782823486;0.0;0.0;0.0;0.0;5442.727;-1793.545;0.0;0.0;24.584268473;9.621908029;0.0;0.0;0.0;0.0;1.0;1.0;1.0;0.0;1.0;1.3;100.0;100.0;50.0;0.0;746.950519801;0.0;0.0;6.011599124;0.0;5494.333333333;-1791.466666667;66670.168856448;47207.80973236;84.89736333494685;-18.05892826413393;1252.6163745498027;32.18403951993933;3000.2781957043853;-88.94234534767295;398.87407286519635;35.30154488675017;406.67124868656623;35.61077584867732;5730.626568147151;-18.238632223753616
2022-09-06 13:18:00;9247.851170569;13463.851170569;0;24987.337929844;1316.926525107;32.251384929;75816.028428094;47826.698996656;17171.999180422;949.462046109;91.144287068;4082.149665552;-204336.872909699;0.0;0.0;70506.371206198;49844.681059664;0.0;0.0;0.0;0.0;5442.727;-1793.545;0.0;0.0;24.547668667;9.476650502;0.0;0.0;0.0;0.0;1.0;1.0;1.0;0.0;1.0;1.3;100.0;100.0;50.0;0.0;746.803965833;0.0;0.0;6.011726878;0.0;5494.333333333;-1791.466666667;70321.69509476;49618.165663322;84.89736333494685;-18.05892826413393;1316.878174319803;32.24478222429268;3002.434406843858;-88.85552305882138;420.2265998471359;35.206346645645205;421.6011872099407;35.25851005552459;5730.626568147151;-18.238632223753616
2022-09-06 13:21:00;9388.170553936;13604.170553936;0;24987.79014286;1269.81529836;33.291820968;72255.470845481;47431.119533528;17172.299713206;949.671603891;91.273533611;4543.930029155;-204372.412536443;0.0;0.0;69234.819912547;49833.525121682;0.0;0.0;0.0;0.0;5442.727;-1793.545;0.0;0.0;24.594897069;9.371054422;0.0;0.0;0.0;0.0;1.0;1.0;1.0;0.0;1.0;1.3;100.0;100.0;50.0;0.0;746.77634446;0.0;0.0;6.011711119;0.0;5494.333333333;-1791.466666667;66761.137512148;49222.586200194;84.89736333494685;-18.05892826413393;1269.7459579050208;33.28235146229063;3003.099534894818;-88.72631964798659;404.9960608653706;36.401129010286745;416.51511943920025;35.745413910188375;5730.626568147151;-18.238632223753616
2022-09-06 13:24:00;9557.802919708;13773.802919708;0;24988.204010393;1348.69265554;33.285431708;76729.052554745;50389.540145985;17172.609753526;948.885290953;90.845661427;3015.59270073;-204230.519708029;0.0;0.0;71217.680697584;52606.786406531;0.0;0.0;0.0;0.0;5442.727;-1793.545;0.0;0.0;24.424554593;9.19783163;0.0;0.0;0.0;0.0;1.0;1.0;1.0;0.0;1.0;1.3;100.0;100.0;50.0;0.0;746.901255289;0.0;0.0;6.011573152;0.0;5494.333333333;-1791.466666667;71234.719221411;52181.006812652;84.89736333494685;-18.05892826413393;1348.5360068570296;33.2937258405048;3000.600099957282;-89.15405307886527;431.15146746893686;36.22360081318007;432.31633119220993;36.452389842394446;5730.626568147151;-18.238632223753616
2022-09-06 13:27:00;9756.0;13972.0;0;24988.680811423;1368.142384669;33.023364097;78085.365714286;50738.377142857;17172.937270989;949.446869782;91.038883227;3706.451428571;-204339.017142857;0.0;0.0;72639.747285777;52522.235909126;0.0;0.0;0.0;0.0;5442.727;-1793.545;0.0;0.0;24.509650606;9.11336381;0.0;0.0;0.0;0.0;1.0;1.0;1.0;0.0;1.0;1.3;100.0;100.0;50.0;0.0;747.061964052;0.0;0.0;6.011833403;0.0;5494.333333333;-1791.466666667;72591.032380952;52529.843809524;84.89736333494685;-18.05892826413393;1368.0199880138275;33.015040645642515;3002.3607339328055;-88.96084095359659;437.5078110093117;35.891039037467465;437.6787647780187;35.86884505768389;5730.626568147151;-18.238632223753616
2022-09-06 13:30:00;9930.0;14146.0;0;24989.091608789;1295.002549651;33.047151692;73884.84;48064.817142857;17173.218190069;949.327833181;91.064559099;3797.708571429;-204311.16;0.0;0.0;68684.893779189;50021.321623406;0.0;0.0;0.0;0.0;5442.727;-1793.545;0.0;0.0;24.729005943;9.105175238;0.0;0.0;0.0;0.0;1.0;1.0;1.0;0.0;1.0;1.3;100.0;100.0;50.0;0.0;747.077891221;0.0;0.0;6.011853143;0.0;5494.333333333;-1791.466666667;68390.506666667;49856.283809524;84.89736333494685;-18.05892826413393;1294.876007874711;33.04548892395329;3001.976178324763;-88.93511632894874;413.24166527955845;36.09183257801695;414.877936674278;36.06482285437526;5730.626568147151;-18.238632223753616
2022-09-06 13:33:00;10104.0;14320.0;0;24989.428182137;1245.058858343;32.570261316;71417.097142857;45617.662857143;17173.449842034;949.150108483;91.034987707;3691.548571429;-204274.062857143;0.0;0.0;66127.719753263;47507.444740234;0.0;0.0;0.0;0.0;5442.727;-1793.545;0.0;0.0;24.882438811;9.096365714;0.0;0.0;0.0;0.0;1.0;1.0;1.0;0.0;1.0;1.3;100.0;100.0;50.0;0.0;747.201404052;0.0;0.0;6.011782026;0.0;5973.402285714;-1974.039619048;65443.694857143;47591.70247619;92.42066220703535;-18.287251974432944;1244.9269795294492;32.56840116210367;3001.4027083801375;-88.96468925370357;395.1014425334443;36.02524777259835;397.56727107642064;35.69420425393897;5730.626568147151;-18.238632223753616
2022-09-06 13:36:00;10326.02189781;14542.02189781;0;24989.910907582;1200.15569578;32.307775045;69041.369343066;43663.640875912;17173.805076556;947.742992136;90.81954427;2918.617518248;-203987.129927007;0.0;0.0;62036.263709964;44437.899611834;0.0;0.0;0.0;0.0;5442.727;-1793.545;0.0;0.0;24.949931181;9.065619951;0.0;0.0;0.0;0.0;1.0;1.0;1.0;0.0;1.0;1.3;100.0;100.0;50.0;0.0;747.138351148;0.0;0.0;6.011718142;0.0;6217.066666667;-2066.9;62824.302676399;45730.540875912;96.24766434532991;-18.389686915235;1200.0739187232296;32.31037429813818;2997.00422346666;-89.18027644110296;379.4129970795975;36.05130887879977;372.59852010085166;35.614833300408016;5730.626568147151;-18.238632223753616
2022-09-06 13:39:00;10452.5;14668.5;0;24990.106776517;1222.612673977;32.298640816;70345.420454545;44457.931818182;17173.915409852;949.246924321;91.046850185;3734.022727273;-204295.119318182;0.0;0.0;64722.844797506;46192.994380176;0.0;0.0;0.0;0.0;5442.727;-1793.545;0.0;0.0;24.945666095;8.96619697;0.0;0.0;0.0;0.0;1.0;1.0;1.0;0.0;1.0;1.3;100.0;100.0;50.0;0.0;747.257225465;0.0;0.0;6.011842717;0.0;6217.066666667;-2066.9;64128.353787879;46524.831818182;96.24766434532991;-18.389686915235;1222.5020185633139;32.29266887580451;3001.7233283280266;-88.95288774259588;386.84376839093596;35.960716133030616;388.25353345887794;35.51562614287099;5730.626568147151;-18.238632223753616
2022-09-06 13:42:00;10627.0;14843.0;0;24990.168643891;1258.310253211;32.266482478;72423.165714286;45719.154285714;17173.957270909;949.929234924;91.056977771;3773.285714286;-204440.165714286;0.0;0.0;66899.29845456;47447.928376577;0.0;0.0;0.0;0.0;5442.727;-1793.545;0.0;0.0;24.969016682;8.52164;0.0;0.0;0.0;0.0;1.0;1.0;1.0;0.0;1.0;1.3;100.0;100.0;50.0;0.0;747.353082701;0.0;0.0;6.011752727;0.0;6217.066666667;-2066.9;66206.099047619;47786.054285714;96.24766434532991;-18.389686915235;1258.2030590398322;32.263318187814356;3003.8643828968643;-88.9426304664027;398.67277128216864;35.82089302610547;400.4647661103012;35.34594454350323;5730.626568147151;-18.238632223753616
2022-09-06 13:45:00;10801.0;15017.0;0;24989.562298337;296.11103645;19.284232075;17336.017142857;9610.48;17173.535669686;953.341630553;91.076653349;3857.08;-205174.0;0.0;0.0;14472.004428613;13150.24474028;0.0;0.0;0.0;0.0;5442.727;-1793.545;0.0;0.0;24.937790918;5.617582857;0.0;0.0;0.0;0.0;1.0;1.0;1.0;0.0;1.0;1.3;100.0;100.0;50.0;0.0;747.501705299;0.0;0.0;6.011786234;0.0;6217.066666667;-2066.9;11118.95047619;11677.38;96.24766434532991;-18.389686915235;291.19271046265294;29.002449217766753;3014.665920862586;-88.9230195967486;78.72987373269147;46.40326344436004;95.47727743241764;42.26041392341962;5730.626568147151;-18.238632223753616
2022-09-06 13:48:00;10991.855685131;15207.855685131;0;24988.742318478;85.395193085;-18.498477266;5511.60787172;-1819.724489796;17172.975684983;956.707361177;90.98107476;3526.413994169;-205908.00728863;0.0;0.0;209.480792208;99.244178371;0.0;0.0;0.0;0.0;5442.727;-1793.545;0.0;0.0;24.883367115;5.146857629;0.0;0.0;0.0;0.0;1.0;1.0;1.0;0.0;1.0;1.3;100.0;100.0;50.0;0.0;747.898670011;0.0;0.0;6.011696833;0.0;6217.066666667;-2066.9;-705.458794947;247.175510204;96.24766434532991;-18.389686915235;85.26790789456132;-18.271269403242243;3025.3599652580147;-89.01883908824503;3.649850243086185;160.6907870459162;1.1318119275215581;25.349847173563745;5730.626568147151;-18.238632223753616
2022-09-06 13:51:00;11150.0;15366.0;0;24988.646012543;85.788689135;-21.053786726;5452.834285714;-2074.914285714;17172.910182189;957.589464157;91.052692896;3788.137142857;-206089.737142857;0.0;0.0;14.768064935;-272.738636364;0.0;0.0;0.0;0.0;5442.727;-1793.545;0.0;0.0;24.863750107;4.997129524;0.0;0.0;0.0;0.0;1.0;1.0;1.0;0.0;1.0;1.3;100.0;100.0;50.0;0.0;747.955739065;0.0;0.0;6.011754286;0.0;6217.066666667;-2066.9;-764.232380952;-8.014285714;96.24766434532991;-18.389686915235;85.70900169532561;-20.832837317779077;3028.097519019288;-88.9469643911745;3.731716615073845;-179.39917762264366;1.333649592831904;-86.90061405995817;5730.626568147151;-18.238632223753616
2022-09-06 13:54:00;11324.0;15540.0;0;24988.797498486;87.076498049;-21.453879151;5519.44;-2149.44;17173.015898109;958.090977349;91.047677712;3773.4;-206197.611428571;0.0;0.0;59.318714286;-359.153181818;0.0;0.0;0.0;0.0;5442.727;-1793.545;0.0;0.0;24.927876122;5.089601905;0.0;0.0;0.0;0.0;1.0;1.0;1.0;0.0;1.0;1.3;100.0;100.0;50.0;0.0;747.768514078;0.0;0.0;6.011841039;0.0;6217.066666667;-2066.9;-697.626666667;-82.54;96.24766434532991;-18.389686915235;87.01549799721133;-21.27747152466196;3029.6780227433514;-88.9516087815989;3.430054975025816;-173.25239399876537;1.7773919431486742;-80.6215393968337;5730.626568147151;-18.238632223753616
2022-09-06 13:57:00;11479.759124088;15695.759124088;0;24989.496515442;238.085966847;10.426665971;15514.38540146;3989.21459854;17173.463002905;956.525996059;91.384059126;4974.035036496;-205837.433576642;0.0;0.0;7078.697419239;4316.324827506;0.0;0.0;0.0;0.0;5442.727;-1793.545;0.0;0.0;24.95881218;7.718213139;0.0;0.0;0.0;0.0;1.0;1.0;1.0;0.0;1.0;1.3;100.0;100.0;50.0;0.0;747.931805375;0.0;0.0;6.011641234;0.0;6217.066666667;-2066.9;9297.318734793;6056.11459854;96.24766434532991;-18.389686915235;235.32979502084868;14.420084510521905;3024.7623687256855;-88.61572428040083;54.177349520629996;33.07953381188436;40.48179283767451;31.373276044028934;5730.626568147151;-18.238632223753616
2022-09-06 14:00:00;11701.408759124;15917.408759124;0;24990.857549044;528.313582795;27.027920511;32033.408759124;16341.322627737;17174.380708999;953.974023714;91.544669777;5536.560583942;-205272.287591241;0.0;0.0;26466.793371777;18221.27466134;0.0;0.0;0.0;0.0;5442.727;-1793.545;0.0;0.0;24.968936299;8.363856934;0.0;0.0;0.0;0.0;1.0;1.0;1.0;0.0;1.0;1.3;100.0;100.0;50.0;0.0;747.669053763;0.0;0.0;6.011539708;0.0;6217.066666667;-2066.9;25816.342092457;18408.222627737;96.24766434532991;-18.389686915235;528.2862530355228;27.02766233486533;3016.673951411624;-88.4550049696039;154.81646915540813;35.49059179658689;156.89374692451452;34.54577724434736;5730.626568147151;-18.238632223753616
2022-09-06 14:03:00;11846.742857143;16062.742857143;0;24991.551266011;530.977549724;27.150999509;32158.097142857;16485.222857143;17174.910923891;951.511509468;91.047061127;3743.68;-204782.708571429;0.0;0.0;26803.442350669;18331.575129903;0.0;0.0;0.0;0.0;5442.727;-1793.545;0.0;0.0;24.953034091;8.473171429;0.0;0.0;0.0;0.0;1.0;1.0;1.0;0.0;1.0;1.255428571;100.0;100.0;50.0;0.0;748.010603065;0.0;0.0;6.011755221;0.0;6217.066666667;-2066.9;25941.03047619;18552.122857143;96.24766434532991;-18.389686915235;530.8796298809887;27.141063061721535;3008.8877134714744;-88.95267928177343;155.7202462799271;35.57103169739243;158.55381545670753;34.36924517934755;5730.626568147151;-18.238632223753616
2022-09-06 14:06:00;12108.5;16324.5;0;24991.929968;520.059050406;26.627508943;31648.0;15852.0;17175.169978;950.663768313;90.703710826;2514.5;-204620.5;0.0;0.0;24920.9093635;16803.181364;0.0;0.0;0.0;0.0;5442.727;-1793.545;0.0;0.0;24.927124;8.589166666;0.0;0.0;0.0;0.0;1.0;1.0;1.0;0.0;1.0;1.0;100.0;100.0;50.0;0.0;748.20385;0.0;0.0;6.011631818;0.0;6217.066666667;-2066.9;25430.933333333;17918.9;96.24766434532991;-18.389686915235;519.9902378707498;26.60558995401896;3006.2290638903905;-89.2959503752606;151.8995517908769;35.16892252440205;146.7570778518936;33.990226635141795;5730.626568147151;-18.238632223753616
2022-09-06 14:09:00;12283.5;16499.5;0;24992.13997;482.978401335;26.162521194;29508.5;14495.5;17175.349967;949.60942796;90.67749255;2417.0;-204397.0;0.0;0.0;25194.454818;16989.8177275;0.0;0.0;0.0;0.0;5442.727;-1793.545;0.0;0.0;24.955138;8.641833333;0.0;0.0;0.0;0.0;1.0;1.0;1.0;0.0;1.0;1.0;100.0;100.0;50.0;0.0;748.19935;0.0;0.0;6.011704545;0.0;6217.066666667;-2066.9;23291.433333333;16562.4;96.24766434532991;-18.389686915235;482.9777119377013;26.161717375038563;3002.928680599678;-89.32250744956147;139.54627882234306;35.41640659941068;148.37395664064638;33.993658918801415;5730.626568147151;-18.238632223753616
2022-09-06 14:12:00;12457.0;16673.0;0;24992.369981;502.543868709;27.311863105;30395.0;15696.0;17175.469929;953.112949803;91.624429929;5816.0;-205083.0;0.0;0.0;23295.000273;16335.999545;0.0;0.0;0.0;0.0;5442.727;-1793.545;0.0;0.0;24.934683333;8.718333333;0.0;0.0;0.0;0.0;1.0;1.0;1.0;0.0;1.0;1.0;100.0;100.0;50.0;0.0;748.084509091;0.0;0.0;6.011954545;0.0;6217.066666667;-2066.9;24177.933333333;17762.9;96.24766434532991;-18.389686915235;502.5438687086725;27.311863105297398;3014.0077894567858;-88.37557007140327;146.4883384878938;36.303759010927784;138.92283862039363;35.04068643349486;5730.626568147151;-18.238632223753616
2022-09-06 14:15:00;12544.0;16760.0;0;24992.146239257;473.79556583;26.353773746;28895.485714286;14310.931428571;17175.314983263;951.776282961;91.063683911;3804.348571429;-204838.188571429;0.0;0.0;23471.194558434;16100.725779229;0.0;0.0;0.0;0.0;5442.727;-1793.545;0.0;0.0;24.913555314;8.806154286;0.0;0.0;0.0;0.0;1.0;1.0;1.0;0.0;1.0;1.0;100.0;100.0;50.0;0.0;748.311224571;0.0;0.0;6.011871169;0.0;6217.066666667;-2066.9;22678.419047619;16377.831428571;96.24766434532991;-18.389686915235;473.70175123744593;26.347617808305046;3009.7190310689284;-88.93599889076525;136.58837560259138;35.83594808335712;138.9750350813355;34.449269782156605;5730.626568147151;-18.238632223753616
2022-09-06 14:18:00;12718.0;16934.0;0;24992.3866416;665.795926506;27.961662311;39987.08;21307.76;17175.484408623;949.605046607;91.038408759;3705.371428571;-204372.457142857;0.0;0.0;33966.108844137;22766.943961029;0.0;0.0;0.0;0.0;5442.727;-1793.545;0.0;0.0;24.9482012;10.457026667;0.0;0.0;0.0;0.0;1.0;1.0;1.0;0.0;1.0;1.0;100.0;100.0;50.0;0.0;748.740990909;0.0;0.0;6.011802961;0.0;6217.066666667;-2066.9;33770.013333333;23374.66;96.24766434532991;-18.389686915235;665.6305709292236;28.051641512304816;3002.8516198490315;-88.96131362473747;200.53475982996417;34.68990024409773;199.65556167095363;33.83331975685481;5730.626568147151;-18.238632223753616
2022-09-06 14:21:00;12850.123906706;17066.123906706;0;24992.693792535;696.487666518;29.423893117;41294.440233236;23286.422740525;17175.692768105;948.449238754;91.053112865;3752.60058309;-204126.016034985;0.0;0.0;37228.042413959;25509.675532631;0.0;0.0;0.0;0.0;5442.727;-1793.545;0.0;0.0;24.92008971;10.661368804;0.0;0.0;0.0;0.0;1.0;1.0;1.0;0.0;1.0;1.0;100.0;100.0;50.0;0.0;749.103200504;0.0;0.0;6.011971826;0.0;6217.066666667;-2066.9;35077.373566569;25353.322740525;96.24766434532991;-18.389686915235;696.4482580091824;29.419164858112584;2999.2445154042;-88.94680764774868;211.32600200798478;35.85875629164353;220.35339647940822;34.42001128648732;5730.626568147151;-18.238632223753616
2022-09-06 14:24:00;13091.105263158;17308.100877193;0;24992.457303338;717.327368608;28.490143639;42916.928362573;23283.50877193;17175.53180976;947.777493188;90.882980694;3144.285087719;-203991.230994152;0.0;0.0;37237.994025776;25403.307891868;0.0;0.0;0.0;0.0;5442.727;-1793.545;0.0;0.0;24.987291171;10.778508772;0.0;0.0;0.0;0.0;1.0;1.0;1.0;0.0;1.0;1.0;100.0;100.0;50.0;0.0;749.634236111;0.0;0.0;6.012258227;0.0;6217.066666667;-2066.9;36699.861695906;25350.40877193;96.24766434532991;-18.389686915235;717.2851742315047;28.480940101086947;2997.113725198399;-89.11692282608868;217.78794280882036;34.63475521106781;220.10038067915164;34.301334191700406;5730.626568147151;-18.238632223753616
2022-09-06 14:27:00;13240.5;17457.5;0;24992.272292227;724.103503519;28.831133009;43178.732954545;23760.903409091;17175.400290085;948.488903275;91.06071957;3780.426136364;-204131.585227273;0.0;0.0;37641.848413176;25524.044483415;0.0;0.0;0.0;0.0;5442.727;-1793.545;0.0;0.0;25.023139155;10.826498106;0.0;0.0;0.0;0.0;1.0;1.0;1.0;0.0;1.0;1.0;100.0;100.0;50.0;0.0;749.284883574;0.0;0.0;6.012304391;0.0;6217.066666667;-2066.9;36961.666287879;25827.803409091;96.24766434532991;-18.389686915235;724.0230990367132;28.82362891884227;2999.3338576535793;-88.93902893944853;220.16774118609135;34.94479901167314;222.06243371042538;34.14026466795509;5730.626568147151;-18.238632223753616
2022-09-06 14:30:00;13415.0;17632.0;0;24991.515152314;726.432974187;29.047261298;43227.88;23997.051428571;17174.878754274;949.066856872;91.077734093;3843.634285714;-204253.811428571;0.0;0.0;37816.034558429;25801.223961034;0.0;0.0;0.0;0.0;5442.727;-1793.545;0.0;0.0;24.994713333;10.875190476;0.0;0.0;0.0;0.0;1.0;1.0;1.0;0.0;1.0;1.0;100.0;100.0;50.0;0.0;749.063260519;0.0;0.0;6.012250442;0.0;6217.066666667;-2066.9;37010.813333333;26063.951428571;96.24766434532991;-18.389686915235;726.3331700675666;29.035926649338727;3001.1464557475733;-88.92193917116737;221.02636651125732;35.15417595249454;223.52683202475285;34.3050394999933;5730.626568147151;-18.238632223753616
2022-09-06 14:33:00;13588.5;17805.5;0;24990.492141195;724.87192066;29.129862804;43100.011494253;24009.988505747;17174.175532466;949.239290694;91.065067383;3799.24137931;-204291.804597701;0.0;0.0;37638.177388713;25766.941551753;0.0;0.0;0.0;0.0;5442.727;-1793.545;0.0;0.0;24.990913222;10.935570881;0.0;0.0;0.0;0.0;1.0;1.0;1.0;0.0;1.0;1.0;100.0;100.0;50.0;0.0;749.256135214;0.0;0.0;6.01225303;0.0;6217.066666667;-2066.9;36882.944827586;26076.888505747;96.24766434532991;-18.389686915235;724.7838421662959;29.12113677287;3001.692303180543;-88.93458571747195;220.55265435025962;35.26098034811444;222.71540911234246;34.395381228067585;5730.626568147151;-18.238632223753616
2022-09-06 14:36:00;13762.5;17979.5;0;24989.612229943;723.032698123;29.351687016;42896.176136364;24117.823863636;17173.571150574;949.382500112;91.066517891;3804.653409091;-204323.153409091;0.0;0.0;37467.349962778;25927.709772716;0.0;0.0;0.0;0.0;5442.727;-1793.545;0.0;0.0;25.006886083;10.976899621;0.0;0.0;0.0;0.0;1.0;1.0;1.0;0.0;1.0;1.0;100.0;100.0;50.0;0.0;749.236288481;0.0;0.0;6.012334814;0.0;6217.066666667;-2066.9;36679.109469697;26184.723863636;96.24766434532991;-18.389686915235;722.9444274514161;29.346311919379662;3002.1542362199566;-88.93323204140198;220.0462470137977;35.52253198020343;222.47339617336826;34.68354822762111;5730.626568147151;-18.238632223753616
2022-09-06 14:39:00;13907.881909548;18124.881909548;0;24989.092043709;740.068513142;29.509468405;43839.579564489;24815.129815745;17173.218998715;948.924492944;91.028576266;3668.297319933;-204226.128140704;0.0;0.0;37739.744676434;26050.280495702;0.0;0.0;0.0;0.0;5442.727;-1793.545;0.0;0.0;24.974030375;10.985838917;0.0;0.0;0.0;0.0;1.0;1.0;1.0;0.0;1.0;1.0;100.0;100.0;50.0;0.0;749.259939889;0.0;0.0;6.012188998;0.0;6217.066666667;-2066.9;37622.512897822;26882.029815745;96.24766434532991;-18.389686915235;740.0485765643972;29.511769227888234;3000.692478839973;-88.97096734197166;225.77354128159982;35.5465572292009;223.90779596455204;34.61581198204651;5730.626568147151;-18.238632223753616
2022-09-06 14:42:00;14110.0;18327.0;0;24988.102868526;741.470119268;29.479078821;43935.411428571;24828.862857143;17172.5363528;949.960170039;91.065117285;3802.205714286;-204446.971428571;0.0;0.0;38492.181571411;26623.215129846;0.0;0.0;0.0;0.0;5442.727;-1793.545;0.0;0.0;24.982755611;11.090899048;0.0;0.0;0.0;0.0;1.0;1.0;1.0;0.0;1.0;1.0;100.0;100.0;50.0;0.0;749.786938234;0.0;0.0;6.012509143;0.0;6217.066666667;-2066.9;37718.344761905;26895.762857143;96.24766434532991;-18.389686915235;741.3733085065971;29.471741962660328;3003.972215844487;-88.93456367601001;226.19334672056078;35.49147051988177;228.52061426925775;34.669770401394324;5730.626568147151;-18.238632223753616
2022-09-06 14:45:00;14284.5;18501.5;0;24987.623649733;824.117459986;29.773216722;48678.278409091;27864.1875;17172.205805119;949.436458469;91.073288403;3829.210227273;-204333.960227273;0.0;0.0;42972.828268636;29486.325475216;0.0;0.0;0.0;0.0;5442.727;-1793.545;0.0;0.0;24.971434023;11.878975379;0.0;0.0;0.0;0.0;1.0;1.0;1.0;0.0;1.0;1.0;100.0;100.0;50.0;0.0;749.811346281;0.0;0.0;6.012628099;0.0;6217.066666667;-2066.9;42461.211742424;29931.0875;96.24766434532991;-18.389686915235;823.9837581965596;29.78747875880569;3002.3197052485793;-88.92640505312879;253.65689073832837;35.18017079992194;254.4677844976766;34.456437018187614;5730.626568147151;-18.238632223753616
2022-09-06 14:48:00;14498.01754386;18715.01754386;0;24986.917609785;845.278483431;30.108540346;49780.74122807;28847.75877193;17171.754963089;948.242592205;90.73875987;2632.274853801;-204097.742690058;0.0;0.0;44844.882781893;30435.632852354;0.0;0.0;0.0;0.0;5442.727;-1793.545;0.0;0.0;24.941372836;12.033601852;0.0;0.0;0.0;0.0;1.0;1.0;1.0;0.0;1.0;1.0;100.0;100.0;50.0;0.0;749.548309796;0.0;0.0;6.012516946;0.0;6217.066666667;-2066.9;43563.674561404;30914.65877193;96.24766434532991;-18.389686915235;845.229847603405;30.09213613194029;2998.571829413613;-89.26108992522906;260.82488942386004;35.3611521341255;264.63070975975;34.16422298184737;5730.626568147151;-18.238632223753616
2022-09-06 14:51:00;14620.542203986;18837.542203986;0;24986.674470089;852.750670044;29.851983416;50337.547479484;28895.077960141;17171.548433136;949.154923098;91.264022278;4507.474208675;-204262.492379836;0.0;0.0;44863.17638926;30474.30914785;0.0;0.0;0.0;0.0;5442.727;-1793.545;0.0;0.0;24.959768684;12.056001954;0.0;0.0;0.0;0.0;1.0;1.0;1.0;0.0;1.0;1.0;100.0;100.0;50.0;0.0;749.185983273;0.0;0.0;6.012272541;0.0;6217.066666667;-2066.9;44120.480812818;30961.977960141;96.24766434532991;-18.389686915235;852.6629260509601;29.85695892437305;3001.473275693189;-88.73585533298201;263.1794122150747;35.05963321898991;264.8106876572468;34.18717834578915;5730.626568147151;-18.238632223753616
2022-09-06 14:54:00;14793.97080292;19010.97080292;0;24986.302041447;863.372062126;29.062310463;51371.471532847;28542.513868613;17171.300306975;947.747391557;91.117622244;3979.654014599;-203968.318248175;0.0;0.0;44937.486271496;30624.366499496;0.0;0.0;0.0;0.0;5442.727;-1793.545;0.0;0.0;24.905268471;12.11590365;0.0;0.0;0.0;0.0;1.0;1.0;1.0;0.0;1.0;1.0;100.0;100.0;50.0;0.0;748.882480863;0.0;0.0;6.012254174;0.0;6217.066666667;-2066.9;45154.40486618;30609.413868613;96.24766434532991;-18.389686915235;863.341553294876;29.056996772961256;2996.991441336684;-88.88223596048576;266.3577482657209;34.13268699832559;265.52282323744066;34.273968282126354;5730.626568147151;-18.238632223753616
2022-09-06 14:57:00;14981.0;19198.0;0;24986.062238897;853.037799651;29.445324066;50561.788571429;28540.342857143;17171.133901537;947.356641285;91.070164608;3809.645714286;-203886.497142857;0.0;0.0;45123.594558451;30351.818246789;0.0;0.0;0.0;0.0;5442.727;-1793.545;0.0;0.0;24.875435947;12.135558095;0.0;0.0;0.0;0.0;1.0;1.0;1.0;0.0;1.0;1.0;100.0;100.0;50.0;0.0;748.818567844;0.0;0.0;6.012136364;0.0;6217.066666667;-2066.9;44344.721904762;30607.242857143;96.24766434532991;-18.389686915235;852.9478023846906;29.443192435843613;2995.741968165548;-88.92954547434779;263.0886630735537;34.61388935553106;265.529205309023;33.92625308551691;5730.626568147151;-18.238632223753616
2022-09-06 15:00:00;15166.815249267;19383.815249267;0;24985.229657551;502.972475837;29.31184445;29830.275073314;16792.031671554;17170.561837433;949.721210668;91.172521265;4183.838123167;-204390.864516129;0.0;0.0;27314.996807056;20603.539401674;0.0;0.0;0.0;0.0;5442.727;-1793.545;0.0;0.0;24.880155986;9.634158749;0.0;0.0;0.0;0.0;1.0;1.0;1.0;0.0;1.0;1.0;100.0;100.0;50.0;0.0;748.726019083;0.0;0.0;6.011972557;0.0;6217.066666667;-2066.9;23613.208406647;18858.931671554;96.24766434532991;-18.389686915235;502.88670504172643;29.37599145683787;3003.2576201991296;-88.82733118111695;147.5545134352982;38.61297264443128;167.0576484459793;37.02703295353239;5730.626568147151;-18.238632223753616
2022-09-06 15:03:00;15329.0;19546.0;0;24984.078408034;413.352458832;26.04892886;25278.36;12343.617142857;17169.768236531;952.542519044;91.066960503;3819.28;-205001.977142857;0.0;0.0;19833.222610394;14166.72474028;0.0;0.0;0.0;0.0;5442.727;-1793.545;0.0;0.0;24.846375074;9.298457143;0.0;0.0;0.0;0.0;1.0;1.0;1.0;0.0;1.0;1.0;100.0;100.0;50.0;0.0;748.945280416;0.0;0.0;6.011956519;0.0;6217.066666667;-2066.9;19061.293333333;14410.517142857;96.24766434532991;-18.389686915235;413.26372621269365;26.026611908068656;3012.1288501950535;-88.9326770644973;116.6744709898153;37.08962364453314;119.00682518669915;35.537940168079544;5730.626568147151;-18.238632223753616
2022-09-06 15:06:00;15503.0;19720.0;0;24983.522242634;411.02896394;25.63119163;25223.68;12093.531428571;17169.389210594;953.332104588;91.0638841;3811.154285714;-205172.674285714;0.0;0.0;19803.742090891;13880.635389577;0.0;0.0;0.0;0.0;5442.727;-1793.545;0.0;0.0;24.839476388;9.185554286;0.0;0.0;0.0;0.0;1.0;1.0;1.0;0.0;1.0;1.0;100.0;100.0;50.0;0.0;748.903696571;0.0;0.0;6.012087117;0.0;6217.066666667;-2066.9;19006.613333333;14160.431428571;96.24766434532991;-18.389686915235;410.94041275124954;25.615458875473585;3014.633843062932;-88.93583321134125;115.72795867906753;36.687088676256955;118.0824598026165;35.02698733470045;5730.626568147151;-18.238632223753616
2022-09-06 15:09:00;15660.248175182;19877.248175182;0;24983.082993209;417.171733695;25.21856704;25691.303649635;12070.613138686;17169.085956879;953.44582522;90.895521037;3208.56350365;-205207.715328467;0.0;0.0;19767.254685812;13717.426884746;0.0;0.0;0.0;0.0;5442.727;-1793.545;0.0;0.0;24.825068131;9.122512895;0.0;0.0;0.0;0.0;1.0;1.0;1.0;0.0;1.0;1.0;100.0;100.0;50.0;0.0;748.910668653;0.0;0.0;6.012075475;0.0;6217.066666667;-2066.9;19474.236982968;14137.513138686;96.24766434532991;-18.389686915235;417.00220495314124;25.16567017780144;3014.9971398496837;-89.10421414816156;117.5010691921697;35.97814121910585;117.48047067881348;34.75859801262179;5730.626568147151;-18.238632223753616
2022-09-06 15:12:00;15852.986880466;20069.986880466;0;24982.644388574;413.121748222;25.163742461;25455.39941691;11937.005830904;17168.784377462;953.545447245;90.817843628;2930.559766764;-205233.119533528;0.0;0.0;20151.711378055;14210.890215964;0.0;0.0;0.0;0.0;5442.727;-1793.545;0.0;0.0;24.843124781;9.078214285;0.0;0.0;0.0;0.0;1.0;1.0;1.0;0.0;1.0;1.0;100.0;100.0;50.0;0.0;748.748181195;0.0;0.0;6.012128267;0.0;6217.066666667;-2066.9;19238.332750243;14003.905830904;96.24766434532991;-18.389686915235;413.03103787625207;25.123668621951037;3015.309221718727;-89.18191909708986;116.18579362387108;36.05150274287494;120.3997899321161;35.19130699519147;5730.626568147151;-18.238632223753616
2022-09-06 15:15:00;16025.5;20242.5;0;24982.621102787;407.774553475;25.65224301;25018.982758621;12008.224137931;17168.768974828;953.909543842;91.069948634;3835.270114943;-205296.620689655;0.0;0.0;19621.697764868;13828.959315598;0.0;0.0;0.0;0.0;5442.727;-1793.545;0.0;0.0;24.819576;9.053833333;0.0;0.0;0.0;0.0;1.0;1.0;1.0;0.0;1.0;1.0;100.0;100.0;50.0;0.0;748.864757315;0.0;0.0;6.011902665;0.0;6217.066666667;-2066.9;18801.916091954;14075.124137931;96.24766434532991;-18.389686915235;407.6870695627464;25.63935377419063;3016.46097527683;-88.92974744699276;114.67791924971766;36.81854516335618;117.2101551757454;35.17537501963998;5730.626568147151;-18.238632223753616
2022-09-06 15:18:00;16153.446488294;20370.446488294;0;24982.535678875;415.22632085;25.45611737;25523.454849498;12134.733277592;17168.677598189;954.527276008;91.401738656;5027.565217391;-205402.783444816;0.0;0.0;19839.317694377;13751.686988735;0.0;0.0;0.0;0.0;5442.727;-1793.545;0.0;0.0;24.828476038;9.038792085;0.0;0.0;0.0;0.0;1.0;1.0;1.0;0.0;1.0;1.0;100.0;100.0;50.0;0.0;748.876713538;0.0;0.0;6.011872043;0.0;6217.066666667;-2066.9;19306.388182832;14201.633277592;96.24766434532991;-18.389686915235;415.1753619421464;25.42803096712266;3018.398096105509;-88.59787312358378;117.02408595029553;36.33791890164305;117.86493398099486;34.727889597810304;5730.626568147151;-18.238632223753616
2022-09-06 15:21:00;16375.243440233;20592.243440233;0;24982.366007722;397.229751981;25.43569494;24416.704081633;11596.252186589;17168.596241503;954.417924816;91.290774354;4628.540816327;-205392.241982507;0.0;0.0;19930.02094573;13988.085551459;0.0;0.0;0.0;0.0;5442.727;-1793.545;0.0;0.0;24.815997522;9.015833819;0.0;0.0;0.0;0.0;1.0;1.0;1.0;0.0;1.0;1.0;100.0;100.0;50.0;0.0;748.866415969;0.0;0.0;6.011997681;0.0;6217.066666667;-2066.9;18199.637414966;13663.152186589;96.24766434532991;-18.389686915235;397.0949720863019;25.40449718345207;3018.105526835126;-88.70905067523269;111.11837314504972;36.89693549264353;118.88851769867793;35.06348333076741;5730.626568147151;-18.238632223753616
2022-09-06 15:24:00;16549.0;20766.0;0;24982.109382057;409.552148068;25.251210668;25205.314285714;11895.525714286;17168.418354143;954.052354179;91.057870722;3792.514285714;-205327.925714286;0.0;0.0;19958.942610423;13813.210974034;0.0;0.0;0.0;0.0;5442.727;-1793.545;0.0;0.0;24.819580731;8.778224762;0.0;0.0;0.0;0.0;1.0;1.0;1.0;0.0;1.0;1.0;100.0;100.0;50.0;0.0;748.9996;0.0;0.0;6.011825766;0.0;6217.066666667;-2066.9;18988.247619048;13962.425714286;96.24766434532991;-18.389686915235;409.44722686191795;25.264740131245148;3016.909120395832;-88.9418372790561;115.08070128804357;36.32776395361217;118.51614391761905;34.686384036967894;5730.626568147151;-18.238632223753616
2022-09-06 15:27:00;16722.146443515;20939.146443515;0;24981.708075992;110.34646325;-2.260888064;7184.043514644;273.49790795;17168.143315136;956.678482325;91.305863642;4694.792468619;-205874.740585774;0.0;0.0;2442.351204678;2544.813847493;0.0;0.0;0.0;0.0;5442.727;-1793.545;0.0;0.0;24.818683382;7.233605579;0.0;0.0;0.0;0.0;1.0;1.0;1.0;0.0;1.0;1.0;100.0;100.0;50.0;0.0;749.115504123;0.0;0.0;6.012154332;0.0;6217.066666667;-2066.9;966.976847978;2340.39790795;96.24766434532991;-18.389686915235;105.61450921231938;2.1802083825871277;3025.2139682770835;-88.69364653394989;12.364405932202464;67.55116624264285;17.222243550142025;46.176991561098376;5730.626568147151;-18.238632223753616
2022-09-06 15:30:00;16897.0;21114.0;0;24981.356589229;89.622812388;-20.033260659;5734.72;-2070.217142857;17167.90052732;957.374996127;91.070308788;3850.4;-206042.485714286;0.0;0.0;307.40287013;-270.270584416;0.0;0.0;0.0;0.0;5442.727;-1793.545;0.0;0.0;24.812232297;7.037137143;0.0;0.0;0.0;0.0;1.0;1.0;1.0;0.0;1.0;1.0;100.0;100.0;50.0;0.0;748.773359792;0.0;0.0;6.012034026;0.0;6217.066666667;-2066.9;-482.346666667;-3.317142857;96.24766434532991;-18.389686915235;89.56799433366439;-19.84943407067026;3027.4204353617947;-88.92941500176322;2.3552059712871722;-179.60597781069984;1.9985826588044022;-41.32214303900261;5730.626568147151;-18.238632223753616
2022-09-06 15:33:00;17071.0;21288.0;0;24981.17298664;89.274907204;-21.298093943;5664.828571429;-2191.194285714;17167.775497246;957.983325197;91.058272606;3809.462857143;-206174.531428571;0.0;0.0;222.705207792;-399.027987013;0.0;0.0;0.0;0.0;5442.727;-1793.545;0.0;0.0;24.812476229;6.978013333;0.0;0.0;0.0;0.0;1.0;1.0;1.0;0.0;1.0;1.0;100.0;100.0;50.0;0.0;748.683367065;0.0;0.0;6.011958545;0.0;6217.066666667;-2066.9;-552.238095238;-124.294285714;96.24766434532991;-18.389686915235;89.22857832654628;-21.146809876341514;3029.3487607976963;-88.94147298815199;2.7638624683395987;-167.3155959301182;2.2312404256605145;-60.83327204370645;5730.626568147151;-18.238632223753616
2022-09-06 15:36:00;17244.5;21461.5;0;24981.181050695;89.017368171;-20.850071215;5660.75862069;-2130.074712644;17167.768455885;960.660554367;91.119938484;4080.540229885;-206666.488505747;0.0;0.0;210.549907001;-350.712575758;0.0;0.0;0.0;0.0;5442.727;-1793.545;0.0;0.0;24.763445778;7.595758621;0.0;0.0;0.0;0.0;1.0;1.0;1.0;0.0;1.0;1.0;100.0;100.0;50.0;0.0;748.733725026;0.0;0.0;6.011948485;0.0;6217.066666667;-2066.9;-556.308045977;-63.174712644;96.24766434532991;-18.389686915235;88.85264041051467;-20.620709180819624;3036.6506881983573;-88.8688666447656;2.7337394322065722;-173.5212081609837;1.9973169753423567;-59.02154708400915;5730.626568147151;-18.238632223753616
2022-09-06 15:39:00;17474.122986823;21691.122986823;0;24976.407859543;876.465661335;19.394854074;54138.380673499;24510.726207906;17164.498367675;997.49248182;90.888601141;3331.654465593;-214683.007320644;0.0;0.0;47982.551716952;26199.222492416;0.0;0.0;0.0;0.0;5442.727;-1793.545;0.0;0.0;24.688050236;10.481226452;0.0;0.0;0.0;0.0;1.0;1.0;1.0;0.0;1.0;1.0;100.0;100.0;50.0;0.0;748.662359178;0.0;0.0;6.011877106;0.0;6217.066666667;-2066.9;47921.314006833;26577.626207906;96.24766434532991;-18.389686915235;873.0407161751997;24.35826639735917;3154.2063379932983;-89.11090113844897;267.5618418482776;29.013176002434676;266.93301169743387;28.635229478329215;5730.626568147151;-18.238632223753616
2022-09-06 15:42:00;17590.5;21807.5;0;24976.358135778;1020.044941836;25.47079678;62683.994318182;29856.806818182;17164.463306313;997.773381491;91.088929568;4083.045454545;-214734.409090909;0.0;0.0;57198.775582682;31608.568760324;0.0;0.0;0.0;0.0;5442.727;-1793.545;0.0;0.0;24.698721977;11.434979167;0.0;0.0;0.0;0.0;1.0;1.0;1.0;0.0;1.0;1.0;100.0;100.0;50.0;0.0;748.611281198;0.0;0.0;6.011916839;0.0;6217.066666667;-2066.9;56466.927651515;31923.706818182;96.24766434532991;-18.389686915235;1019.9895788013787;25.46877331180224;3155.1519182473976;-88.91068652854992;316.72217706710467;29.481746382160217;319.0906202816467;28.92544292839246;5730.626568147151;-18.238632223753616
2022-09-06 15:45:00;17826.423357664;22043.423357664;0;24975.655943063;1035.196400524;25.747483592;63469.910948905;30608.99270073;17163.983439813;998.437835931;91.098953344;4122.259854015;-214881.41459854;0.0;0.0;58128.957273524;32094.343540492;0.0;0.0;0.0;0.0;5442.727;-1793.545;0.0;0.0;24.742058927;13.241687105;0.0;0.0;0.0;0.0;1.0;1.0;1.0;0.0;1.0;1.0;100.0;100.0;50.0;0.0;748.86252994;0.0;0.0;6.011735726;0.0;6217.066666667;-2066.9;57252.844282238;32675.89270073;96.24766434532991;-18.389686915235;1035.1770524361375;25.746149148505904;3157.3221272949745;-88.90097929389839;321.8728338820858;29.71468192850182;324.213058441027;28.9041058345621;5730.626568147151;-18.238632223753616
2022-09-06 15:48:00;17939.5;22156.5;0;24975.331944108;1041.277159903;25.559931071;63941.840909091;30578.278409091;17163.760407989;998.607864869;91.052172827;3948.051136364;-214918.261363636;0.0;0.0;58482.955334693;32365.400371852;0.0;0.0;0.0;0.0;5442.727;-1793.545;0.0;0.0;24.753229015;14.036227273;0.0;0.0;0.0;0.0;1.0;1.0;1.0;0.0;1.0;1.0;100.0;100.0;50.0;0.0;748.876485795;0.0;0.0;6.011922211;0.0;6217.066666667;-2066.9;57724.774242424;32645.178409091;96.24766434532991;-18.389686915235;1041.231355664594;25.558067599789293;3157.815287649558;-88.94759418722084;323.8022826721124;29.489526989836953;326.3660681203166;28.9608415353316;5730.626568147151;-18.238632223753616
2022-09-06 15:51:00;18114.0;22331.0;0;24973.319552337;602.461615736;23.07846202;37626.377142857;16242.914285714;17162.369552269;998.818527032;91.10322059;4140.708571429;-214959.222857143;0.0;0.0;33296.678194857;18647.639545417;0.0;0.0;0.0;0.0;5442.727;-1793.545;0.0;0.0;24.75223787;15.173881905;0.0;0.0;0.0;0.0;1.0;1.0;1.0;0.0;1.0;1.0;100.0;100.0;50.0;0.0;748.938157922;0.0;0.0;6.011928779;0.0;6217.066666667;-2066.9;31409.31047619;18309.814285714;96.24766434532991;-18.389686915235;602.060363253962;23.349353399746214;3158.470176753329;-88.8964614538177;177.51752915378205;30.23971605068206;186.33745545713612;29.250790922066226;5730.626568147151;-18.238632223753616
2022-09-06 15:54:00;18318.897810219;22535.897810219;1;24972.652155182;554.054066837;21.849883715;35005.017518248;14034.416058394;17161.918182258;998.997504841;91.067352408;4006.696350365;-215003.150364964;0.0;0.0;28810.90272379;15747.716212678;0.0;0.0;0.0;0.0;5735.571861314;-1631.609378102;0.0;0.0;24.690856047;16.405393674;0.0;0.0;0.0;0.0;1.0;1.0;1.0;0.016058394;1.0;1.0;100.0;100.0;50.0;0.0;748.833390086;0.0;0.0;6.011902495;0.0;6217.066666667;-2066.9;28787.950851582;16101.316058394;96.24766434532991;-18.389686915235;0;0;3159.07808439284;-88.93238670712257;119.51668415211824;34.368608825730476;160.3173565390493;28.660521256438745;5963.131202565254;-15.879566467065777
2022-09-06 15:57:00;18462.0;22679.0;1;24972.422470537;534.062068978;22.268764245;33633.097142857;13789.142857143;17161.757842234;998.721080674;91.081647591;4059.137142857;-214940.508571429;0.0;0.0;-430.673135059;-217.320923647;0.0;0.0;0.0;0.0;34713.985342857;14280.758845714;0.0;0.0;24.761804556;17.210041905;0.0;0.0;0.0;0.0;1.0;1.0;1.0;0.0;1.0;1.0;100.0;100.0;50.0;0.0;748.810053455;0.0;0.0;6.011975532;0.0;6217.066666667;-2066.9;27416.03047619;15856.042857143;96.24766434532991;-18.389686915235;0;0;3158.172449575716;-88.91810163628415;61.515839150454426;38.4975016007789;2.3554004317302297;-153.22414289832895;37536.660101739595;22.361454683689907
2022-09-06 16:00:00;18636.5;22853.5;0;24970.593534545;102.921973896;-14.386384079;6746.75;-1579.380681818;17160.500237358;998.067577199;91.080906251;4053.630681818;-214800.232954545;0.0;0.0;-27411.215636318;-15658.226483489;0.0;0.0;0.0;0.0;34643.727;14435.727;0.0;0.0;24.777817061;18.130846591;0.0;0.0;0.0;0.0;1.0;1.0;1.0;0.0;1.0;1.0;100.0;100.0;50.0;0.0;749.032004132;0.0;0.0;6.012036983;0.0;6217.066666667;-2066.9;529.683333333;487.519318182;96.24766434532991;-18.389686915235;101.79346951403792;-13.175404255145876;3156.110553986875;-88.91886353793306;3.514994148790606;42.62639437582732;154.13807647711948;-150.26351056230052;37531.027623408576;22.621049725945237
2022-09-06 16:03:00;18804.671532847;23021.671532847;0;24970.154461282;102.123193047;-17.535724426;6631.623357664;-2074.57080292;17160.23038314;997.924806671;90.74739008;2802.353284672;-214791.15620438;0.0;0.0;-28758.443522965;-16460.116383115;0.0;0.0;0.0;0.0;34643.727;14435.727;0.0;0.0;24.763162093;19.009272992;0.0;0.0;0.0;0.0;1.0;1.0;1.0;0.0;1.0;1.0;100.0;100.0;50.0;0.0;748.937023981;0.0;0.0;6.012091055;0.0;6217.066666667;-2066.9;414.556690998;-7.67080292;96.24766434532991;-18.389686915235;102.07843182943435;-17.371248988017268;3155.6839022607296;-89.25251155919;2.0244991870541775;-1.0600588358944667;161.79207706362;-150.21500396642287;37531.027623408576;22.621049725945237
2022-09-06 16:06:00;18978.809037901;23195.809037901;1;24969.839805315;92.998266968;-18.583611319;6002.650145773;-2007.814868805;17159.985650713;998.17792569;91.031422834;3867.981049563;-214829.879008746;0.0;0.0;-28622.29726178;-16373.663721754;0.0;0.0;0.0;0.0;34524.734682216;14363.51555102;0.0;0.0;24.781671978;19.801650146;0.0;0.0;0.0;0.0;1.0;1.0;1.0;0.020408163;1.0;1.0;100.0;100.0;50.0;0.0;749.120514471;0.0;0.0;6.012272926;0.0;6217.066666667;-2066.9;-214.416520894;59.085131195;96.24766434532991;-18.389686915235;0;0;3156.4957207222;-88.968509188345;2.0244991870541775;-1.0600588358944667;161.0054510428569;-150.2278648678583;37393.42032847225;22.589044859778042
2022-09-06 16:09:00;19246.0;23463.0;1;24969.019978;99.245504594;-19.094725003;6384.0;-2210.0;17159.419986;1000.510754;91.452714212;5460.0;-215299.0;0.0;0.0;0.000290323;0.000129032;0.0;0.0;0.0;0.0;6213.161;-2065.484;0.0;0.0;24.642092667;20.908;0.0;0.0;0.0;0.0;1.0;1.0;1.0;1.0;1.0;1.0;100.0;100.0;50.0;0.0;748.917636364;0.0;0.0;6.012354545;0.0;6242.4;-2068.166666667;141.6;-141.833333333;96.6067433997661;-18.330526156372464;0;0;3163.8928078108493;-88.5472857880961;2.0244991870541775;-1.0600588358944667;1.551257507737402e-06;23.962415730553094;6547.487591907066;-18.388710885326827
